0.81752,0.7469,0.66485,0.93976,0.43281,0.50467,0.64551,0.91751,2.7247,0.5758,0.59362,0.87334,2
0.21921,0.76128,0.42224,0.92704,0.72747,0.61435,0.36936,0.87265,2.7225,0.70835,0.31572,0.81269,2
1.0861,0.88606,0.55318,0.94068,0.76265,0.47231,0.68935,0.9151,2.5244,0.69971,0.45854,0.84643,2
0.013725,0.20859,0.98627,0.99652,0.93211,0.5921,0.53574,0.8703,1.3087,0.49308,0.51177,0.8632,1
0.49738,0.73714,0.4379,0.92678,0.93899,0.70391,0.36819,0.86465,1.5229,0.76131,0.37475,0.84759,1
1.2009,0.38581,0.44829,0.84873,1.7246,0.40576,0.43358,0.80851,1.7271,0.51243,0.41478,0.81025,1
0.6118,0.48029,0.57925,0.90975,1.8743,0.59287,0.55822,0.86245,1.3141,0.59025,0.53625,0.87315,1
0.16544,0.63199,0.62534,0.96849,2.4162,0.63201,0.27997,0.80104,2.364,0.69205,0.28379,0.81423,2
0.36884,0.74435,0.51128,0.93263,0.299,0.56936,0.49564,0.91122,2.0992,0.7666,0.33844,0.8385,1
0.13159,0.65472,0.52634,0.94024,1.0335,0.58015,0.41008,0.8581,4.1588,0.65545,0.38981,0.81586,2
0.59242,0.48862,0.31824,0.8586,1.8039,0.4449,0.28083,0.78097,3.5924,0.51472,0.27195,0.75212,2
0.78624,0.54167,0.38438,0.86925,0.76423,0.51939,0.36185,0.85758,2.5991,0.60946,0.35522,0.80591,2
0.7193,0.50796,0.44683,0.87829,1.9193,0.53923,0.4088,0.80703,2.1668,0.53927,0.39917,0.80408,1
0.67486,0.57514,0.42257,0.88223,2.2442,0.58081,0.37804,0.80583,1.6615,0.60589,0.35777,0.81547,1
0.97094,0.89807,0.31603,0.90469,1.5603,0.50289,0.54939,0.87588,2.1795,0.81556,0.30543,0.83907,2
2.35,0.74992,0.61215,0.93232,0.31164,0.69611,0.47348,0.90552,2.2455,0.62977,0.4457,0.85162,1
0.11731,0.61512,0.62884,0.94573,0.90622,0.52868,0.54361,0.88415,2.5361,0.64429,0.49363,0.85755,2
0.99484,0.51242,0.4638,0.88093,0.73413,0.53797,0.46996,0.8756,1.49,0.60638,0.44994,0.84674,2
0.42665,0.76946,0.6813,0.94968,0.52036,0.60059,0.63899,0.92406,0.97108,0.69914,0.61575,0.91059,1
6.1855,0.33191,0.34238,0.77022,2.0915,0.27154,0.33669,0.77983,3.2085,0.3097,0.31843,0.73768,1
0.5602,0.631,0.44818,0.89769,2.3542,0.62047,0.40826,0.82411,1.6735,0.62822,0.37636,0.83112,1
0.44386,0.6278,0.3692,0.88306,2.3221,0.39219,0.33775,0.80959,2.9371,0.63692,0.32085,0.78221,2
0.79712,0.51969,0.43299,0.88055,1.8293,0.58012,0.39549,0.8054,1.4582,0.57676,0.38302,0.82027,1
0.839,0.50115,0.43363,0.87714,2.7336,0.53334,0.39117,0.78922,1.4897,0.56615,0.37785,0.81506,1
0.18741,0.72069,0.43694,0.93036,1.1788,0.69983,0.32292,0.84029,2.041,0.70598,0.31116,0.82415,2
0.27384,0.54005,0.39935,0.91073,2.0106,0.59281,0.26473,0.7897,4.2932,0.59467,0.2629,0.7551,2
8.6229,0.29082,0.25601,0.72899,2.1434,0.31436,0.2413,0.74569,4.4683,0.32876,0.20818,0.67514,1
0.81331,0.71372,0.80523,0.96195,0.10357,0.45596,0.88539,0.97474,1.1366,0.66385,0.78606,0.9417,2
1.0606,0.80568,0.31705,0.8889,1.037,0.67079,0.40328,0.86829,6.5659,0.71312,0.3705,0.85832,1
0.53012,0.62889,0.48169,0.90346,1.4862,0.51343,0.45246,0.85727,2.0495,0.66278,0.41853,0.83504,1
1.0246,0.68765,0.51,0.90504,1.1966,0.63274,0.57384,0.88396,4.6292,0.66155,0.50055,0.85103,1
2.4289,0.78494,0.55338,0.91047,0.49006,0.65824,0.29485,0.85145,2.5793,0.65949,0.25864,0.7759,1
0.56219,0.64294,0.45359,0.90244,1.4623,0.65288,0.42462,0.84736,1.7659,0.6509,0.42853,0.85226,1
1.0413,0.43745,0.46014,0.88069,1.9242,0.60439,0.43459,0.83645,2.3091,0.51558,0.42439,0.83458,1
0.61235,0.52898,0.39089,0.87151,0.86598,0.47189,0.37469,0.84304,4.6596,0.55546,0.33461,0.76642,2
3.4318,0.78137,0.23751,0.83804,0.91638,0.62685,0.29487,0.85064,2.8043,0.67458,0.19913,0.78504,1
1.4307,0.81711,0.67758,0.96217,0.046247,0.59475,0.95765,0.99119,1.0447,0.84207,0.67853,0.92661,2
1.48,0.71115,0.25241,0.85486,1.391,0.51617,0.33011,0.82438,4.4978,0.57741,0.22671,0.74417,2
0.23168,0.657,0.4577,0.91639,1.8041,0.49992,0.38352,0.83431,2.9763,0.61891,0.43095,0.82069,2
0.33174,0.61623,0.40803,0.90362,1.3958,0.60484,0.35277,0.83978,3.2081,0.63649,0.38179,0.82184,2
1.4696,0.72164,0.60562,0.91634,0.48382,0.62011,0.81215,0.95247,4.4958,0.66905,0.61848,0.91098,1
0.53991,0.59071,0.35283,0.8857,0.88395,0.63779,0.32696,0.84615,3.1286,0.61534,0.31912,0.80097,2
0.15319,0.59439,0.54588,0.93779,2.2704,0.50428,0.34188,0.82363,3.6075,0.68442,0.36292,0.80818,2
1.3327,0.71077,0.39542,0.90253,0.81605,0.74231,0.47848,0.89008,4.9065,0.72461,0.38767,0.85716,1
0.78565,0.40746,0.44676,0.85867,2.575,0.35109,0.35945,0.79023,2.9499,0.5011,0.35459,0.77952,1
1.7668,0.52025,0.27056,0.83738,1.0766,0.52954,0.2897,0.81947,4.4967,0.54546,0.2645,0.75361,2
0.090702,0.72443,0.62437,0.96279,1.4044,0.68417,0.4105,0.86902,2.2058,0.78098,0.36053,0.84547,2
0.41734,0.93331,0.38134,0.90528,2.4105,0.48575,0.47225,0.83685,2.1809,0.71562,0.34565,0.81725,2
0.87768,0.50521,0.55767,0.90418,2.5087,0.56418,0.54086,0.85143,0.65524,0.53756,0.57435,0.89474,1
0.85809,0.47469,0.40162,0.8614,2.3557,0.34248,0.35577,0.79631,3.2044,0.5322,0.33492,0.76687,1
0.54013,0.57052,0.37998,0.88179,1.597,0.43247,0.34736,0.81946,3.218,0.60526,0.33919,0.78331,2
0.41581,0.74475,0.45905,0.93179,1.3105,0.57118,0.41091,0.85296,1.7982,0.77326,0.38892,0.82285,1
0.76495,0.55755,0.41182,0.8794,1.6087,0.57553,0.36981,0.80413,1.8624,0.61938,0.35516,0.79605,1
0.75015,0.48397,0.45492,0.8715,1.8786,0.5169,0.4197,0.81083,1.6988,0.4971,0.41163,0.82173,1
0.27989,0.62936,0.55161,0.94001,0.59977,0.58537,0.51329,0.89652,2.3175,0.68735,0.49847,0.86435,2
4.5686,0.63539,0.24922,0.82356,1.1691,0.4962,0.25347,0.80232,4.2996,0.52585,0.22643,0.73143,1
0.63532,0.58235,0.45237,0.89591,1.0216,0.6069,0.43385,0.85879,2.4692,0.63825,0.3616,0.82383,1
1.747,0.87211,0.30015,0.89057,0.81788,0.68982,0.53243,0.88867,1.9892,0.75845,0.27774,0.8417,1
7.5672,0.46336,0.2568,0.76747,1.5247,0.44441,0.35971,0.80895,5.083,0.38859,0.23467,0.71639,1
0.20144,0.51176,0.47694,0.90952,1.9907,0.42114,0.32042,0.79789,3.6366,0.57841,0.33224,0.77345,2
0.8668,0.47959,0.38836,0.85083,1.491,0.49067,0.36097,0.79615,2.5959,0.49111,0.33753,0.77788,1
0.1148,0.77749,0.41673,0.95006,1.3462,0.72728,0.27767,0.84764,2.0342,0.83084,0.28226,0.82878,2
0.90846,0.87592,0.56196,0.95054,0.32374,0.5769,0.64226,0.92827,2.348,0.74309,0.48539,0.8657,2
1.7805,0.61617,0.49617,0.8834,0.84665,0.66114,0.38744,0.85514,2.478,0.69363,0.29008,0.82086,1
0.14439,0.56425,0.54669,0.92813,2.6679,0.54058,0.40688,0.82318,3.2292,0.57791,0.44623,0.82996,2
0.083425,0.9371,0.48716,0.97558,0.45257,0.78828,0.40859,0.89288,0.98226,0.86355,0.38896,0.84925,2
1.4336,0.66971,0.35701,0.8389,1.7362,0.41548,0.50886,0.8504,8.2477,0.53703,0.3574,0.78743,1
0.54278,0.56724,0.34419,0.87599,1.559,0.57819,0.32889,0.81025,3.0172,0.56185,0.33151,0.78933,2
0.46605,0.95376,0.3646,0.93313,1.5833,0.56902,0.57284,0.88729,1.9106,0.8399,0.30234,0.85762,2
0.82128,0.79563,0.47161,0.92518,2.5501,0.63247,0.49675,0.8607,2.3453,0.71001,0.43344,0.84917,2
0.31886,0.52202,0.66444,0.93973,0.36235,0.44163,0.65524,0.91836,2.3538,0.5422,0.66837,0.89273,2
0.0060049,0.17136,0.99208,0.99804,0.21559,0.85541,0.50935,0.92741,0.70836,0.86006,0.48764,0.89211,1
0.49354,0.71415,0.5411,0.93098,0.57635,0.55174,0.51899,0.89343,1.651,0.71769,0.50543,0.85623,1
0.46958,0.72496,0.38457,0.91216,0.87319,0.67755,0.34316,0.86605,1.367,0.74596,0.33526,0.84794,2
0.17987,0.69565,0.44039,0.92386,1.2918,0.5795,0.38242,0.86197,3.2129,0.68072,0.38328,0.83813,2
0.44926,0.78717,0.5979,0.94575,0.86555,0.64169,0.54928,0.90083,0.92218,0.74562,0.52883,0.89359,1
2.3691,0.80908,0.69106,0.95482,0.98609,0.53335,0.39558,0.83592,2.0526,0.57513,0.37186,0.80114,1
0.48422,0.56044,0.53962,0.91025,0.64804,0.55018,0.55415,0.89691,1.6114,0.81083,0.28129,0.84407,1
0.76988,0.48889,0.4587,0.87693,2.0861,0.51796,0.42471,0.80719,1.7579,0.52931,0.40081,0.81288,1
6.0073,0.62822,0.51508,0.87976,0.17377,0.55997,0.52475,0.92319,2.5405,0.6258,0.47695,0.83922,1
0.39553,0.60608,0.30372,0.89567,1.4856,0.69832,0.23961,0.80463,3.5692,0.63128,0.25954,0.77953,2
0.28104,0.65338,0.47554,0.92067,1.606,0.46691,0.39109,0.84922,2.2699,0.68711,0.38621,0.82386,2
0.57316,0.65867,0.41962,0.89938,1.2261,0.64341,0.36601,0.83509,1.2699,0.68253,0.33462,0.83333,1
0.46225,0.96193,0.49295,0.9814,0.046538,0.63903,0.9518,0.99232,0.32673,0.97719,0.44766,0.95673,2
0.85343,0.49474,0.41953,0.87191,1.7013,0.56683,0.38991,0.80616,1.401,0.62036,0.37613,0.82013,1
0.28824,0.65492,0.37778,0.90926,1.4781,0.68795,0.32,0.82852,2.5062,0.6349,0.32529,0.81215,2
0.53278,0.62153,0.50896,0.90736,0.82344,0.52339,0.485,0.87629,1.8623,0.60891,0.45532,0.84985,1
3.5383,0.77931,0.3118,0.8545,1.3498,0.51118,0.60011,0.88507,3.0616,0.6778,0.27848,0.81347,1
0.91906,0.47877,0.39774,0.85761,2.0836,0.46748,0.35492,0.789,2.1094,0.51646,0.34306,0.78895,1
0.85885,0.47196,0.39662,0.85198,2.1743,0.39396,0.35583,0.79103,3.5509,0.48871,0.33451,0.76063,1
0.63851,0.57716,0.44898,0.88669,1.2182,0.54926,0.42436,0.85752,2.6614,0.58703,0.39219,0.8283,1
0.40741,0.66975,0.38591,0.898,1.3195,0.55375,0.36917,0.84895,3.2349,0.64143,0.3637,0.81995,2
2.332,0.59496,0.42851,0.86033,0.97191,0.60387,0.4208,0.86726,4.328,0.4788,0.22326,0.73091,1
0.20253,0.55085,0.65989,0.95478,3.1495,0.57782,0.44603,0.8416,2.8284,0.67362,0.4736,0.8534,2
0.53232,0.66347,0.48643,0.92219,1.3933,0.71384,0.44938,0.85606,1.3403,0.72476,0.41867,0.86129,1
0.23581,0.80939,0.6517,0.95715,0.41284,0.72336,0.62567,0.93964,1.7013,0.79031,0.59154,0.92104,1
3.0326,0.64552,0.47301,0.85879,0.90283,0.45082,0.28879,0.8237,3.4982,0.53199,0.21403,0.7209,1
1.0968,0.76355,0.34634,0.87657,1.2969,0.52793,0.39295,0.84317,3.4585,0.61094,0.32101,0.78675,2
0.30832,0.70891,0.37078,0.90164,1.416,0.53804,0.3434,0.83796,3.6052,0.63128,0.33634,0.80762,2
0.68894,0.48284,0.49217,0.8809,1.4135,0.41348,0.45952,0.83818,2.5036,0.50637,0.45365,0.81613,1
0.5714,0.6293,0.88562,0.97667,0.12944,0.70038,0.83285,0.96989,1.0217,0.60683,0.85244,0.95684,2
0.65646,0.67598,0.37278,0.90541,1.8005,0.66353,0.25284,0.77777,1.6961,0.67072,0.2627,0.77973,1
0.88022,0.83158,0.40259,0.92231,0.39263,0.6675,0.5279,0.91631,2.8458,0.72765,0.38432,0.84528,2
0.68036,0.56199,0.43191,0.88026,1.6648,0.59335,0.39507,0.82857,2.6466,0.54097,0.36815,0.80575,1
0.38159,0.62636,0.53985,0.92626,0.93404,0.64852,0.52524,0.89116,1.2001,0.82632,0.37357,0.87343,1
0.9447,0.40879,0.4412,0.85192,1.5757,0.38754,0.41283,0.81349,2.9717,0.42997,0.39948,0.78704,1
0.5364,0.6481,0.42433,0.90018,1.7151,0.66042,0.39252,0.83344,1.3852,0.65341,0.3991,0.85406,1
0.13606,0.59541,0.61982,0.94782,2.4161,0.51153,0.29567,0.8007,3.6374,0.61467,0.29907,0.77434,2
0.40455,0.58482,0.39636,0.88604,2.8292,0.41863,0.33524,0.80293,2.939,0.62117,0.27297,0.7709,2
0.63909,0.71108,0.31578,0.87278,2.1013,0.5152,0.33026,0.82142,4.0021,0.62274,0.29486,0.77863,2
0.29223,0.66347,0.40244,0.8982,2.785,0.40367,0.35612,0.81046,2.9433,0.6571,0.3171,0.78552,2
0.86317,0.45969,0.39344,0.84936,2.0538,0.3307,0.34722,0.79,3.5778,0.48517,0.31349,0.7469,1
0.77407,0.56065,0.38428,0.87704,2.3005,0.49513,0.3438,0.81684,2.6928,0.63548,0.33041,0.79074,1
1.3374,0.86991,0.46446,0.88688,0.75754,0.48726,0.72308,0.91572,4.6126,0.72785,0.48034,0.875,1
0.29718,0.58933,0.43882,0.91657,2.2726,0.61746,0.31868,0.81529,2.9952,0.61261,0.36629,0.80563,2
0.69688,0.49981,0.42666,0.86923,1.3117,0.43208,0.40653,0.82896,3.021,0.52581,0.35678,0.7852,1
0.51011,0.6129,0.42256,0.89598,0.96422,0.42447,0.38781,0.86898,2.686,0.66327,0.35445,0.7986,2
0.68208,0.61361,0.74125,0.95471,0.37598,0.52637,0.58487,0.91121,2.5526,0.64353,0.59093,0.87512,2
5.4659,0.49259,0.30744,0.79857,2.3633,0.35245,0.29457,0.79181,3.1245,0.44896,0.29646,0.75071,1
0.70928,0.48025,0.44502,0.87175,1.4721,0.47622,0.4273,0.83663,2.0771,0.58076,0.33148,0.80071,1
0.42301,0.71441,0.4893,0.92277,1.5304,0.59787,0.44749,0.84698,1.657,0.73395,0.4187,0.83285,1
3.3597,0.18235,0.46905,0.8221,2.1163,0.28155,0.46077,0.81078,2.7257,0.29898,0.43932,0.79239,1
0.35761,0.73047,0.36634,0.91637,0.95847,0.74939,0.3457,0.87969,2.8557,0.73374,0.38053,0.85547,2
0.18056,0.59007,0.47629,0.92246,1.4145,0.62718,0.35005,0.84812,3.4958,0.6739,0.32914,0.80875,2
2.1919,0.85717,0.37101,0.86209,1.1281,0.22439,0.39957,0.84832,2.6543,0.67509,0.32493,0.80318,1
0.22472,0.46288,0.48526,0.90726,2.1972,0.45156,0.36039,0.8006,4.1217,0.51951,0.36207,0.78077,2
0.26854,0.54659,0.59923,0.9357,1.1455,0.54373,0.50656,0.86328,1.3853,0.63352,0.53262,0.86828,2
0.49131,0.68152,0.32685,0.89056,1.3249,0.41444,0.31613,0.84279,3.2278,0.68517,0.27602,0.76621,2
0.46115,0.96045,0.52212,0.97926,0.050092,0.52203,0.92374,0.984,0.50634,0.9453,0.4805,0.91796,2
0.40516,0.46276,0.39061,0.88291,2.0177,0.51925,0.29796,0.79363,3.3931,0.53574,0.32946,0.78198,2
0.83006,0.53039,0.41162,0.87777,2.142,0.56735,0.3661,0.79162,1.4214,0.57753,0.36796,0.81564,1
0.79646,0.60932,0.7488,0.94944,0.12685,0.53783,0.76167,0.95639,1.8752,0.55257,0.76123,0.92457,2
0.64916,0.5663,0.43284,0.8854,1.2072,0.49884,0.42917,0.859,2.3825,0.6322,0.3504,0.80473,1
0.88732,0.42719,0.40547,0.84515,1.6691,0.3918,0.36828,0.81044,3.3154,0.46101,0.33401,0.76227,1
0.46288,0.73022,0.40741,0.92422,2.5564,0.6775,0.34447,0.82106,0.99507,0.79292,0.35944,0.84646,1
0.13275,0.64534,0.53054,0.9364,1.2665,0.63316,0.47103,0.87981,3.2739,0.67149,0.45231,0.84471,2
0.15951,0.62298,0.46781,0.92677,1.891,0.5902,0.28641,0.79953,3.6824,0.59924,0.29863,0.77307,2
0.67895,0.52277,0.40815,0.87337,1.6966,0.44735,0.36993,0.82015,1.9569,0.568,0.36061,0.81028,2
0.72512,0.536,0.58729,0.94597,0.81988,0.67038,0.46823,0.88952,2.3565,0.75503,0.47781,0.86495,2
0.14396,0.65713,0.47775,0.9324,2.0547,0.61351,0.32855,0.84684,4.0437,0.69417,0.32145,0.81009,2
0.99306,0.49692,0.33694,0.83342,2.3573,0.36212,0.28126,0.77106,3.119,0.51831,0.25382,0.74678,1
0.66924,0.57449,0.43567,0.88743,2.1469,0.57935,0.37279,0.80343,2.342,0.58568,0.36053,0.79508,1
0.16152,0.7398,0.47061,0.93888,1.3195,0.61444,0.32583,0.83556,2.665,0.73877,0.31265,0.80074,2
0.63531,0.60747,0.29817,0.87423,1.0626,0.64346,0.27427,0.82721,3.8782,0.59064,0.27294,0.77271,2
0.32721,0.56176,0.54221,0.92675,0.71094,0.6508,0.45716,0.88423,1.5434,0.71803,0.42534,0.85369,2
0.27969,0.67554,0.40284,0.89906,2.7657,0.40035,0.35701,0.8119,2.9391,0.65987,0.31649,0.78536,2
0.29534,0.70892,0.60652,0.95171,0.40097,0.64381,0.46107,0.90557,2.3799,0.72988,0.46908,0.85962,2
0.26281,0.61549,0.37874,0.90996,2.4428,0.57138,0.24255,0.77929,3.6657,0.62323,0.23843,0.75881,2
0.28732,0.6248,0.42739,0.91439,1.3832,0.67109,0.36623,0.83949,2.8157,0.59665,0.35741,0.82044,2
0.98321,0.95498,0.33438,0.91723,0.37802,0.36619,0.40236,0.86913,2.5687,0.75187,0.20352,0.78165,1
7.9477,0.35389,0.22933,0.76748,0.76072,0.3904,0.20783,0.79138,5.8048,0.42708,0.16937,0.65952,1
0.45225,0.57456,0.35622,0.88093,1.8467,0.44454,0.31119,0.80516,3.2109,0.58974,0.29405,0.76726,2
0.17145,0.714,0.37444,0.92381,1.6407,0.68153,0.24614,0.79991,2.5808,0.67616,0.22778,0.78495,2
0.97639,0.75306,0.88594,0.97959,0.0063725,0.68342,0.97931,0.99722,0.71846,0.8843,0.74491,0.96847,1
0.13358,0.73136,0.51367,0.95264,1.2512,0.69763,0.40381,0.87467,1.2454,0.79706,0.44002,0.88605,2
0.7046,0.50283,0.46674,0.87692,2.4831,0.38661,0.42995,0.82652,2.4682,0.55873,0.40938,0.81011,1
1.1203,0.88796,0.76495,0.97699,0.17313,0.41518,0.56868,0.91497,2.4446,0.62131,0.49704,0.84077,1
0.40801,0.9683,0.48771,0.98412,0.0059436,0.53884,0.98937,0.99795,0.41699,0.96897,0.44461,0.93347,2
0.53987,0.69037,0.42845,0.91354,1.69,0.70855,0.35717,0.83157,1.298,0.69168,0.33815,0.84157,1
0.44934,0.68428,0.47848,0.92671,1.6083,0.67279,0.38845,0.84908,3.2413,0.6924,0.41676,0.84388,2
0.49654,0.64091,0.35819,0.89419,1.165,0.66166,0.31503,0.82721,1.8429,0.6347,0.32544,0.81537,2
1.944,0.58753,0.5187,0.88405,0.97667,0.62261,0.39754,0.8406,2.3288,0.59876,0.29427,0.79541,1
0.2108,0.50445,0.43384,0.89737,2.9642,0.37251,0.30952,0.78012,4.5962,0.54999,0.27828,0.74619,2
3.0773,0.57797,0.32066,0.87302,1.4112,0.72302,0.26843,0.80408,2.2898,0.62982,0.27168,0.79447,1
0.67448,0.55494,0.43069,0.87984,1.7363,0.55234,0.38766,0.80565,1.8854,0.57544,0.36526,0.80171,1
0.6756,0.56648,0.58287,0.89716,1.2356,0.41087,0.58707,0.88559,2.8469,0.48312,0.53764,0.8557,1
0.13548,0.67064,0.53428,0.94466,2.2038,0.66558,0.38879,0.83331,1.8839,0.74655,0.33102,0.83621,2
0.75291,0.42017,0.42602,0.85714,4.5334,0.3831,0.33925,0.77064,1.3559,0.51701,0.37804,0.81496,1
0.80493,0.75136,0.91104,0.98312,0.019256,0.33347,0.95538,0.9907,5.8104,0.41308,0.48435,0.81379,1
0.010662,0.076461,0.99789,0.99928,0.46391,0.75841,0.513,0.90086,0.83327,0.7909,0.51653,0.88513,1
1.1384,0.79867,0.29441,0.86802,1.7769,0.47556,0.37687,0.82063,4.407,0.56167,0.26752,0.75356,2
0.30029,0.71873,0.38343,0.91777,0.54874,0.59857,0.33108,0.86198,2.7883,0.70156,0.31789,0.7898,2
0.38217,0.74958,0.48872,0.93462,1.2833,0.5555,0.44378,0.85991,1.4009,0.78782,0.41077,0.83443,1
0.26379,0.59093,0.73119,0.95089,0.14246,0.65311,0.67085,0.94669,0.92307,0.68079,0.65429,0.91686,2
0.64593,0.58181,0.42545,0.88438,1.462,0.47895,0.38554,0.83539,2.6764,0.62216,0.37557,0.81103,1
0.30018,0.56372,0.43186,0.90734,1.7333,0.58428,0.33228,0.81621,2.9724,0.56019,0.34543,0.79691,2
0.39494,0.55524,0.33186,0.87912,2.9005,0.3511,0.27022,0.77747,3.0295,0.6098,0.28195,0.75986,2
1.1898,0.69233,0.45637,0.88644,0.59458,0.63177,0.62573,0.91476,6.9193,0.62051,0.47791,0.86151,1
0.83459,0.48485,0.42616,0.86472,1.5672,0.38366,0.38727,0.81971,2.6885,0.54796,0.36728,0.78893,1
0.69047,0.5686,0.4378,0.89017,1.5831,0.62581,0.38291,0.81364,2.2071,0.60753,0.36705,0.80399,1
0.2167,0.51828,0.40291,0.89835,2.2675,0.5376,0.32814,0.8094,4.2721,0.56055,0.34008,0.7916,2
0.15616,0.61483,0.47616,0.9257,2.524,0.60196,0.37136,0.83312,3.8369,0.63022,0.34359,0.80914,2
0.17751,0.581,0.46075,0.91561,1.9922,0.55309,0.39345,0.84577,3.5098,0.60878,0.40647,0.82091,2
1.0203,0.48423,0.37631,0.85252,1.171,0.46333,0.34643,0.83322,1.6281,0.54557,0.34691,0.80948,2
0.22154,0.48921,0.46061,0.90528,2.5169,0.42078,0.3302,0.79976,3.6263,0.56393,0.34324,0.77944,2
0.26419,0.54958,0.482,0.92671,1.5518,0.64947,0.35132,0.83815,2.635,0.66037,0.39101,0.82705,2
0.66513,0.6027,0.41895,0.89286,1.4819,0.647,0.3565,0.81031,2.2747,0.62597,0.34026,0.79597,1
0.74409,0.56822,0.40662,0.88284,2.3027,0.59738,0.35398,0.7983,1.6547,0.6206,0.33998,0.8148,1
0.84599,0.46546,0.40129,0.85329,2.235,0.4233,0.36656,0.79902,3.1666,0.48101,0.38125,0.78742,1
0.42895,0.60456,0.34597,0.87951,1.7509,0.41656,0.30901,0.80595,3.7656,0.58491,0.32397,0.78179,2
0.85374,0.46513,0.39635,0.85157,2.1472,0.41968,0.35963,0.79495,3.2074,0.47923,0.37418,0.78413,1
0.73591,0.50222,0.44372,0.87184,2.5462,0.38529,0.40261,0.8112,2.9358,0.55132,0.38747,0.7908,1
1.5634,0.634,0.3192,0.88314,0.61613,0.60818,0.36989,0.87143,4.0307,0.64917,0.28404,0.76795,2
0.5261,0.61594,0.50585,0.9057,1.6176,0.61223,0.48169,0.84707,1.4857,0.62819,0.45173,0.84821,1
1.0906,0.78976,0.38898,0.91396,2.0567,0.68262,0.40442,0.86802,2.7472,0.71714,0.31663,0.83508,2
0.52267,0.95494,0.36943,0.94308,0.10931,0.49163,0.71706,0.94981,2.4015,0.82554,0.29849,0.8486,2
0.32149,0.47766,0.3918,0.88142,1.9675,0.45828,0.3013,0.79076,4.4924,0.50744,0.28838,0.74875,2
0.48402,0.5863,0.61173,0.92806,0.57898,0.49009,0.51127,0.88187,2.7453,0.56878,0.47827,0.8336,2
0.22914,0.59041,0.45599,0.91642,1.9966,0.46396,0.31428,0.82074,2.6684,0.63266,0.38891,0.80764,2
0.18076,0.59404,0.46305,0.92606,2.5572,0.60222,0.33836,0.80315,2.6564,0.63307,0.36986,0.8154,2
1.0784,0.88279,0.39956,0.89611,0.30438,0.39941,0.56908,0.90455,2.6132,0.67058,0.35913,0.8009,1
0.10113,0.64735,0.63541,0.95232,2.9169,0.55926,0.39674,0.83463,3.2542,0.66944,0.4168,0.83905,2
0.25005,0.90441,0.76295,0.97913,0.26608,0.45869,0.75029,0.93821,2.0938,0.72299,0.51461,0.86885,1
0.77053,0.49882,0.42058,0.86403,1.9554,0.39831,0.39693,0.81815,2.6049,0.52836,0.36243,0.79611,1
2.0028,0.69028,0.32034,0.87442,1.2,0.5867,0.29072,0.82988,3.0241,0.58898,0.30159,0.79738,2
0.44148,0.51217,0.37646,0.87673,2.4862,0.36837,0.27266,0.77438,3.536,0.60219,0.21694,0.73594,2
0.99148,0.79494,0.35188,0.88556,1.1409,0.55293,0.3742,0.84881,4.8273,0.60249,0.29898,0.76955,2
0.81008,0.39632,0.39926,0.85278,1.5947,0.39343,0.39144,0.827,4.0895,0.45019,0.37455,0.7708,2
0.72901,0.58822,0.37448,0.87396,1.4671,0.59456,0.32463,0.80025,2.0392,0.59548,0.30517,0.78687,1
0.79412,0.40923,0.40926,0.85008,3.4196,0.36875,0.3176,0.76907,2.1077,0.50347,0.3212,0.78288,1
0.48631,0.83968,0.35231,0.93583,0.37261,0.72352,0.2931,0.89788,0.979,0.84379,0.24561,0.84817,2
0.66415,0.59983,0.41199,0.88964,2.6877,0.63038,0.35448,0.79618,1.4501,0.63044,0.33392,0.82701,1
5.5766,0.67816,0.29252,0.81795,1.5428,0.41795,0.52509,0.85866,3.1895,0.64324,0.25055,0.77872,1
0.82719,0.46446,0.42823,0.861,1.4914,0.41416,0.42148,0.84062,2.3705,0.5691,0.34957,0.79481,1
0.74608,0.79156,0.41449,0.91936,0.50672,0.69151,0.38708,0.88253,3.2471,0.69699,0.39025,0.82504,2
0.65826,0.58301,0.33982,0.871,1.1631,0.4764,0.32334,0.84572,3.9095,0.60979,0.30873,0.78418,2
0.42385,0.6209,0.32123,0.88049,1.2962,0.57982,0.27063,0.82353,4.8205,0.57137,0.20584,0.74554,2
0.12036,0.62754,0.59272,0.94258,1.0276,0.50295,0.35514,0.83344,4.1964,0.61624,0.33314,0.77832,2
1.0102,0.42848,0.37616,0.84196,2.4693,0.38368,0.32842,0.77951,3.1988,0.505,0.31191,0.76076,1
0.96553,0.88735,0.28138,0.89054,1.5412,0.57721,0.44914,0.85557,3.0281,0.70765,0.24795,0.79543,2
1.0182,0.47911,0.59239,0.9202,0.47028,0.51621,0.56086,0.90031,3.0364,0.557,0.58046,0.86326,2
0.69027,0.61137,0.40331,0.89164,2.1243,0.63145,0.34365,0.81081,1.7127,0.65942,0.32774,0.81808,1
0.1494,0.85001,0.44239,0.9601,1.6053,0.80625,0.38092,0.84664,0.70129,0.83945,0.39903,0.87696,1
0.22221,0.56981,0.44934,0.91143,1.7258,0.48495,0.31615,0.81218,3.1049,0.61705,0.32072,0.78247,2
0.96599,0.41045,0.39946,0.84825,4.6757,0.35741,0.3579,0.76886,2.5118,0.55836,0.33548,0.78129,1
0.239,0.61046,0.4228,0.90617,1.6893,0.53628,0.3425,0.82033,2.6899,0.64626,0.28937,0.79667,2
0.31955,0.8417,0.39601,0.93808,0.331,0.68552,0.33555,0.90631,1.0024,0.84371,0.28274,0.85559,2
0.64813,0.56191,0.41432,0.87881,1.1868,0.54795,0.38693,0.83412,2.3714,0.60051,0.33406,0.80313,1
0.67552,0.53296,0.54471,0.88295,2.5337,0.37451,0.46655,0.83213,1.6917,0.57787,0.4576,0.83638,1
0.77457,0.95628,0.56941,0.97495,0.060034,0.49032,0.88433,0.97726,0.97877,0.91308,0.42448,0.91555,2
0.83989,0.46395,0.40768,0.85328,1.8526,0.37973,0.35708,0.80046,2.8397,0.5153,0.33975,0.77819,1
0.27414,0.44514,0.5352,0.9101,1.3247,0.52343,0.48153,0.84823,2.084,0.60761,0.43651,0.83256,2
0.71036,0.48632,0.47773,0.87775,1.4906,0.51004,0.46014,0.83607,1.7576,0.54457,0.4383,0.83196,1
0.85659,0.46437,0.40079,0.85316,2.4013,0.40074,0.36671,0.79998,3.2431,0.48312,0.37689,0.78241,1
2.2016,0.82083,0.31357,0.85986,1.8864,0.48543,0.35193,0.81327,2.3237,0.70058,0.26978,0.78653,1
0.1458,0.59028,0.64632,0.95461,2.4439,0.56231,0.43776,0.84591,3.0928,0.65363,0.43772,0.83852,2
0.12978,0.63659,0.53139,0.93539,3.1318,0.61864,0.42003,0.8411,2.7218,0.64932,0.46544,0.85549,2
0.38649,0.72733,0.48969,0.92985,0.41232,0.66327,0.46465,0.90555,1.7049,0.75416,0.44056,0.86364,2
0.71847,0.52223,0.44549,0.88353,1.4938,0.47278,0.4236,0.84018,2.1116,0.5806,0.39881,0.81949,1
1.0821,0.90334,0.34331,0.9212,0.40536,0.52612,0.51289,0.90199,2.8555,0.7607,0.29019,0.81288,2
0.90803,0.46553,0.38024,0.8486,2.3776,0.33313,0.33127,0.78717,3.7872,0.49341,0.30674,0.74509,1
2.8973,0.74941,0.28453,0.89579,1.1317,0.80209,0.30828,0.82464,2.6865,0.72823,0.21623,0.77403,1
1.2556,0.73134,0.44468,0.87244,0.97151,0.51918,0.56532,0.88125,7.3342,0.56214,0.44851,0.83254,1
0.72626,0.51464,0.46326,0.88436,1.9225,0.47371,0.43933,0.8388,2.8121,0.57083,0.41496,0.80983,1
0.83978,0.4516,0.45108,0.87039,1.9949,0.41021,0.43251,0.83162,3.0778,0.5186,0.40453,0.79754,1
0.8309,0.48552,0.42983,0.87271,2.1681,0.382,0.39406,0.81834,2.7115,0.55781,0.37304,0.78942,1
0.14801,0.60629,0.52074,0.92877,1.0966,0.51837,0.42164,0.85356,4.0239,0.65785,0.29643,0.7957,2
0.52693,0.49913,0.54036,0.90402,1.2278,0.49942,0.47003,0.84835,2.3934,0.55085,0.46804,0.83151,2
0.7598,0.55825,0.577,0.91191,0.79225,0.5392,0.62314,0.90477,2.6093,0.5323,0.58925,0.87122,2
2.0779,0.61223,0.24916,0.82504,1.3658,0.45124,0.32092,0.81546,4.3752,0.48329,0.25551,0.73757,2
0.23903,0.63413,0.46164,0.93049,1.7845,0.68968,0.40739,0.83603,1.151,0.68322,0.49555,0.86851,2
0.4792,0.74316,0.389,0.9141,0.98876,0.73211,0.3003,0.83298,1.827,0.70518,0.27166,0.80472,1
1.2573,0.79365,0.48346,0.92293,0.83742,0.60954,0.467,0.88138,3.3918,0.70324,0.33412,0.81036,2
0.2881,0.70691,0.34505,0.89825,1.1119,0.51769,0.32277,0.85175,3.4193,0.65309,0.25548,0.7983,2
0.68312,0.5743,0.4788,0.92185,1.6316,0.67013,0.44898,0.87354,3.132,0.68915,0.44162,0.85068,2
0.81423,0.52305,0.38486,0.86608,2.739,0.42496,0.31929,0.79979,3.5066,0.58603,0.30608,0.76265,1
0.86507,0.48259,0.39517,0.86161,2.5906,0.43198,0.35905,0.80549,3.3482,0.55991,0.32589,0.77012,1
0.95662,0.4553,0.38309,0.85208,2.7472,0.43777,0.33736,0.7971,2.7083,0.54106,0.31624,0.77677,1
0.06011,0.86274,0.52687,0.97547,0.98946,0.83507,0.36325,0.87909,1.0215,0.90185,0.35712,0.86492,2
3.0835,0.72493,0.70382,0.9423,0.89252,0.5778,0.44919,0.86121,2.2834,0.59371,0.42744,0.82592,1
1.7565,0.47356,0.36322,0.85445,2.4398,0.47692,0.33681,0.79062,3.9042,0.45875,0.33714,0.77073,2
0.24118,0.51837,0.46742,0.91954,3.46,0.56927,0.31531,0.78349,3.0901,0.61322,0.35213,0.80431,2
0.79718,0.53184,0.41206,0.87757,2.3021,0.58296,0.36174,0.78484,1.6097,0.56593,0.3583,0.805,1
5.3708,0.59665,0.28133,0.79368,1.9565,0.35762,0.26961,0.78604,2.5823,0.48034,0.25824,0.74333,1
0.80135,0.42422,0.46399,0.86253,1.9977,0.46184,0.45398,0.82119,2.3852,0.48185,0.42322,0.80735,1
0.59194,0.69948,0.49617,0.91034,0.71872,0.56697,0.48174,0.87877,2.5708,0.62168,0.44817,0.83525,1
2.9149,0.74316,0.33218,0.83305,2.4287,0.37517,0.3458,0.798,2.578,0.61928,0.30045,0.78107,1
0.0023284,-5.16E-05,0.99975,0.99991,0.00076593,-1.53E-05,0.99994,0.99997,0.00036765,-4.60E-05,0.99975,0.99993,2
0.40515,0.63882,0.3247,0.89886,1.3565,0.68522,0.28317,0.81861,2.3878,0.66416,0.28542,0.80553,2
0.39038,0.7396,0.50738,0.93365,1.2617,0.76995,0.44504,0.87844,1.9203,0.75133,0.42765,0.86229,1
0.18658,0.50698,0.66197,0.94617,2.5382,0.47968,0.35784,0.79907,2.902,0.54364,0.37327,0.80001,2
0.83715,0.92535,0.22681,0.87875,0.88117,0.3179,0.47102,0.85337,3.0203,0.71876,0.16033,0.758,2
0.65239,0.9503,0.36858,0.94328,2.0654,0.36148,0.74316,0.9105,0.97834,0.91674,0.34054,0.86216,2
0.13928,0.6697,0.49773,0.93782,1.8515,0.58627,0.40473,0.8658,3.0135,0.7121,0.38981,0.83755,2
0.46589,0.4795,0.47879,0.89933,3.034,0.40649,0.31886,0.77174,3.0248,0.47307,0.35723,0.7844,2
0.3172,0.42714,0.41038,0.88801,2.5036,0.42141,0.3476,0.80827,4.4666,0.51508,0.35981,0.78095,2
0.87194,0.46555,0.39179,0.8489,2.5711,0.38855,0.34497,0.79718,2.8081,0.51918,0.32218,0.77266,1
0.34354,0.60577,0.3486,0.89498,1.3362,0.67653,0.295,0.82288,3.7472,0.57383,0.32838,0.79724,2
0.5498,0.66924,0.4425,0.9143,1.4686,0.73162,0.40088,0.83841,1.4123,0.70501,0.37275,0.84134,1
0.16872,0.6043,0.46582,0.92036,2.0697,0.56708,0.36616,0.8398,3.5199,0.64418,0.40208,0.82426,2
0.95437,0.36484,0.56944,0.92321,1.3294,0.63837,0.49988,0.8759,3.1765,0.64025,0.50398,0.85616,2
0.1284,0.57899,0.60726,0.93807,0.78709,0.51726,0.50144,0.87861,3.8395,0.60484,0.45385,0.82774,2
0.75542,0.86876,0.72576,0.9667,0.054274,0.46935,0.8927,0.97962,0.98303,0.79616,0.70644,0.93184,2
1.9109,0.56016,0.3255,0.8555,1.6352,0.51267,0.26381,0.80871,4.4642,0.49892,0.28172,0.75104,2
0.70242,0.50952,0.43311,0.87273,1.4248,0.46594,0.40818,0.82828,2.1861,0.5601,0.37179,0.80959,1
0.12125,0.72091,0.49856,0.94838,1.3857,0.66152,0.39917,0.8626,2.3172,0.75342,0.38789,0.84283,2
0.23441,0.70866,0.40662,0.95467,0.71464,0.71483,0.26358,0.868,1.7105,0.86226,0.25026,0.80577,2
0.2606,0.57599,0.47823,0.91284,2.1245,0.52043,0.35844,0.82458,2.6346,0.64428,0.39892,0.81414,2
1.6828,0.88476,0.29919,0.86387,2.4761,0.45581,0.48066,0.83128,2.5993,0.75869,0.23828,0.78541,1
2.2852,0.79794,0.40505,0.90591,0.41912,0.60377,0.57031,0.92331,2.7386,0.7519,0.36693,0.85739,1
0.18431,0.53807,0.52114,0.92586,2.7832,0.53894,0.39011,0.82741,3.1982,0.63286,0.43561,0.82918,2
1.1097,0.8705,0.47768,0.94184,2.7384,0.49531,0.33327,0.80824,2.991,0.70822,0.2267,0.77577,2
0.30594,0.66463,0.49979,0.92463,0.85435,0.65906,0.45418,0.89337,2.1808,0.71019,0.48881,0.86527,2
0.69073,0.5061,0.50342,0.89425,2.1103,0.52595,0.4839,0.84265,1.589,0.60842,0.45401,0.84569,1
0.74985,0.51873,0.41948,0.86701,0.86029,0.46479,0.41616,0.85563,3.0779,0.63828,0.26246,0.78205,1
2.4295,0.66643,0.57517,0.89527,0.90528,0.53458,0.4852,0.86015,5.2307,0.44474,0.26394,0.73066,1
0.84743,0.51206,0.40942,0.8697,1.9556,0.46538,0.37888,0.81787,3.2879,0.57816,0.36075,0.78825,1
0.36207,0.74528,0.52545,0.93836,1.1102,0.69537,0.47864,0.904,1.947,0.78573,0.45991,0.89728,1
0.49577,0.60687,0.41661,0.89224,1.2119,0.44851,0.38463,0.85339,3.1253,0.64468,0.3838,0.81132,2
0.73133,0.9546,0.49352,0.94743,0.2483,0.41459,0.72615,0.93582,1.503,0.80473,0.44317,0.89911,2
0.43618,0.71562,0.47987,0.9218,0.97477,0.67791,0.40152,0.86624,1.6593,0.70175,0.41005,0.84717,1
0.07837,0.65485,0.70349,0.96126,2.8432,0.46082,0.34937,0.80835,4.4375,0.59858,0.30704,0.77189,2
2.073,0.60955,0.49766,0.89335,0.52079,0.56049,0.53445,0.89762,3.4258,0.63979,0.3986,0.82242,2
0.41366,0.73421,0.48002,0.93033,1.3334,0.55057,0.43145,0.85416,1.4051,0.78519,0.40532,0.83403,1
0.30518,0.44237,0.43183,0.90882,4.3317,0.41271,0.25701,0.75747,4.2647,0.59506,0.25825,0.74264,2
0.5638,0.53437,0.51082,0.90645,0.81083,0.57097,0.51995,0.88366,1.6996,0.8027,0.26299,0.83089,1
0.5848,0.93913,0.46619,0.95198,0.24579,0.50395,0.76305,0.94755,2.3276,0.79337,0.42143,0.87441,2
0.2598,0.77518,0.45491,0.93999,0.56795,0.76581,0.41703,0.89034,1.3061,0.80867,0.42657,0.86252,2
0.36351,0.53949,0.64918,0.93823,1.5078,0.55541,0.62688,0.88873,1.0728,0.5568,0.68912,0.91243,2
0.71687,0.5548,0.43402,0.88546,1.4003,0.59821,0.4154,0.82514,1.3415,0.66876,0.34616,0.82573,1
1.4622,0.90151,0.35947,0.88745,2.208,0.45694,0.5593,0.85468,1.7888,0.81043,0.30933,0.81193,1
1.1618,0.41869,0.53877,0.91271,1.4331,0.59481,0.53743,0.87599,2.0331,0.5821,0.52626,0.85641,2
0.59681,0.53978,0.35286,0.87286,1.7716,0.45185,0.30605,0.79993,3.189,0.56864,0.30373,0.76914,2
0.10452,0.78924,0.42039,0.94961,0.88251,0.73853,0.29464,0.87405,2.6298,0.79478,0.27222,0.82412,2
0.36733,0.8139,0.41817,0.94409,1.43,0.64169,0.31792,0.83738,1.4034,0.81477,0.29208,0.80554,1
0.47786,0.64595,0.53852,0.92563,1.8035,0.70741,0.51435,0.8647,1.5239,0.67801,0.47046,0.86407,1
0.15152,0.49483,0.59568,0.93002,2.8067,0.40785,0.47153,0.83238,2.648,0.58092,0.51803,0.84974,2
1.0312,0.39727,0.3543,0.83288,3.0517,0.36336,0.3049,0.76593,3.5212,0.4757,0.28726,0.74673,1
0.64568,0.30444,0.5973,0.89173,2.6321,0.36571,0.51757,0.84626,1.7263,0.53769,0.51728,0.84924,1
0.24484,0.54795,0.42588,0.91002,1.9006,0.57715,0.27485,0.7866,2.9737,0.56001,0.2917,0.77797,2
0.18499,0.63507,0.49989,0.92444,1.644,0.50493,0.36224,0.83885,2.9217,0.63256,0.40373,0.81764,2
0.20239,0.57935,0.61551,0.95128,2.4605,0.55944,0.33466,0.80475,2.986,0.61969,0.36376,0.80726,2
0.71772,0.43087,0.50263,0.87509,0.92558,0.44949,0.53034,0.86266,2.2442,0.68259,0.34759,0.81918,1
0.84412,0.49048,0.40533,0.86303,2.1559,0.51103,0.35693,0.80537,3.2878,0.51186,0.33566,0.78192,1
0.73007,0.54978,0.41002,0.87177,1.665,0.41868,0.37109,0.82017,2.8174,0.58013,0.34207,0.78736,1
0.19966,0.53142,0.43682,0.90518,2.883,0.50508,0.33453,0.80587,2.8195,0.59058,0.30679,0.79133,2
0.66837,0.57592,0.42699,0.88451,1.1375,0.61151,0.41757,0.84083,1.6272,0.72364,0.28915,0.81031,1
0.57296,0.65251,0.46274,0.9112,1.4054,0.69416,0.41818,0.84322,1.3236,0.67723,0.40287,0.84748,1
0.63229,0.59179,0.42628,0.88572,2.7335,0.59692,0.37667,0.80132,1.4526,0.62763,0.34631,0.82433,1
0.16798,0.48824,0.71889,0.9494,1.9747,0.4069,0.51276,0.85993,2.7814,0.57658,0.49113,0.83711,2
0.69975,0.5665,0.45747,0.89273,1.684,0.60486,0.42627,0.8244,1.6304,0.60882,0.40365,0.82366,1
1.3569,0.87285,0.45629,0.9284,0.34476,0.57929,0.62468,0.92601,2.8603,0.74131,0.3526,0.85092,2
1.8204,0.84415,0.32536,0.8533,2.3005,0.41623,0.48965,0.8288,2.189,0.71536,0.28899,0.79035,1
0.20588,0.51689,0.43887,0.90427,2.0248,0.45142,0.23129,0.77424,5.142,0.56071,0.22523,0.71988,2
0.33733,0.61056,0.57941,0.94882,0.90797,0.66913,0.50009,0.89906,2.5662,0.71521,0.5125,0.87994,2
1.2174,0.84438,0.37121,0.92068,0.26598,0.5703,0.60135,0.93527,2.841,0.76196,0.36827,0.87281,2
1.4796,0.50841,0.43364,0.85713,0.73796,0.48408,0.45009,0.8641,1.9795,0.53786,0.41692,0.82365,2
0.50821,0.90336,0.46742,0.93788,1.028,0.56862,0.43994,0.86336,3.2534,0.68156,0.31801,0.80835,2
0.63911,0.49984,0.3474,0.85661,1.7431,0.38091,0.32921,0.80693,4.181,0.51396,0.3311,0.76074,2
0.21221,0.89203,0.8587,0.98335,0.033226,0.78943,0.87489,0.98492,0.44519,0.77193,0.80288,0.96697,1
0.29885,0.55586,0.38405,0.88673,2.0651,0.41787,0.29277,0.79071,4.3786,0.56105,0.28178,0.75124,2
0.18689,0.56686,0.42672,0.9094,2.4254,0.49967,0.34456,0.81504,4.1616,0.62571,0.34067,0.79373,2
0.13529,0.50868,0.69972,0.95476,1.9853,0.49094,0.36879,0.83007,3.071,0.62262,0.35275,0.79932,2
0.7926,0.5188,0.43276,0.88615,1.3971,0.52357,0.41359,0.83033,3.2214,0.52314,0.42338,0.81069,2
0.57365,0.93057,0.41241,0.92366,0.75093,0.52027,0.54036,0.88683,2.6667,0.70971,0.3448,0.83079,2
0.34539,0.57736,0.39496,0.89814,1.6716,0.58186,0.3546,0.81793,2.9822,0.59239,0.37456,0.79975,2
1.1086,0.59915,0.75263,0.954,0.19482,0.6635,0.70199,0.95272,1.5037,0.75687,0.67517,0.91988,2
0.25743,0.71239,0.47499,0.92282,2.0048,0.43699,0.36362,0.83261,2.7073,0.7015,0.36577,0.81025,2
0.37114,0.67128,0.38811,0.89855,1.4804,0.47591,0.34197,0.83647,3.0267,0.61658,0.28222,0.77201,2
0.11449,0.87814,0.45418,0.95429,1.7574,0.76535,0.40885,0.85199,0.80159,0.81397,0.41495,0.87233,1
0.1888,0.52487,0.49785,0.91897,2.5269,0.48762,0.37341,0.81834,3.6618,0.60025,0.39855,0.81062,2
3.4633,0.7341,0.36543,0.87406,0.72172,0.51175,0.34384,0.87415,3.2858,0.64011,0.31643,0.8074,1
0.40409,0.64428,0.4066,0.89968,1.5073,0.53529,0.37363,0.8483,3.0329,0.65931,0.36346,0.82467,2
0.47361,0.64764,0.54064,0.9265,1.8037,0.71027,0.51665,0.86562,1.5042,0.68016,0.4732,0.86556,1
0.24461,0.51844,0.38533,0.88872,2.181,0.4986,0.28347,0.77939,4.503,0.52687,0.27432,0.7455,2
0.68899,0.56381,0.44241,0.88913,1.5307,0.63114,0.41337,0.83992,3.0812,0.57885,0.38037,0.80679,1
0.79066,0.47327,0.46124,0.87475,2.1745,0.50494,0.42667,0.80466,1.7451,0.53124,0.40353,0.81186,1
1.0326,0.94579,0.55241,0.97567,0.0074755,0.69677,0.9698,0.99634,0.51909,0.94394,0.50867,0.95087,1
0.85058,0.47606,0.40031,0.85451,2.4736,0.3847,0.36285,0.7981,3.4392,0.50389,0.33869,0.76607,1
0.19674,0.6132,0.44609,0.91493,1.5479,0.574,0.32805,0.83144,4.1611,0.6369,0.30858,0.79307,2
1.5269,0.90469,0.38402,0.89246,2.474,0.37935,0.6221,0.86993,0.95377,0.89562,0.35468,0.85504,1
0.53156,0.64264,0.47953,0.90595,1.8291,0.61815,0.43412,0.833,1.2836,0.63226,0.41157,0.84483,1
0.99671,0.38416,0.51915,0.87215,1.4708,0.3753,0.49964,0.83685,1.6769,0.53244,0.48183,0.83291,1
0.83166,0.52201,0.38627,0.86477,1.6998,0.42802,0.33834,0.81216,3.0515,0.5714,0.31426,0.77881,1
0.67917,0.5722,0.44632,0.88406,1.272,0.49019,0.42416,0.8527,2.45,0.62314,0.39074,0.82616,1
1.7627,0.35921,0.30792,0.81346,1.5818,0.39452,0.31618,0.79808,4.3013,0.42007,0.29933,0.73564,2
0.29521,0.59282,0.43703,0.90551,2.6496,0.5244,0.3655,0.81584,2.5966,0.61279,0.39905,0.81683,2
0.55581,0.66417,0.44214,0.91306,1.4774,0.72974,0.40214,0.83752,1.4488,0.69469,0.37554,0.84033,1
1.0739,0.91702,0.48087,0.93311,0.28197,0.43214,0.67799,0.92659,2.2099,0.82416,0.31122,0.85744,2
0.25159,0.48573,0.38898,0.88274,2.1126,0.42243,0.30642,0.79064,4.3133,0.53141,0.29898,0.75912,2
0.022151,0.048709,0.99166,0.99771,0.29096,0.66248,0.50074,0.91499,1.5065,0.78769,0.46953,0.85373,1
0.40271,0.772,0.44197,0.93864,0.86438,0.75644,0.34937,0.89325,1.4465,0.78262,0.32327,0.86059,1
0.72293,0.81035,0.39925,0.9163,0.91114,0.59612,0.45461,0.87687,3.8346,0.68452,0.35116,0.81591,2
0.83658,0.4991,0.43618,0.87741,2.7474,0.53353,0.39482,0.79036,1.4817,0.56385,0.38113,0.8162,1
0.67344,0.47971,0.37224,0.86256,1.5728,0.55255,0.35226,0.80324,3.5878,0.45989,0.34092,0.77056,2
0.75046,0.35759,0.55893,0.87994,1.3063,0.34394,0.54225,0.85346,1.9754,0.48711,0.51056,0.83657,1
0.32114,0.73137,0.90929,0.98417,0.25135,0.55134,0.80959,0.95821,1.1327,0.62878,0.82521,0.9519,2
0.00045956,-0.00012359,0.99945,0.99985,0.0023591,-5.75E-05,0.99957,0.99987,0.0091299,-0.00012853,0.99945,0.99977,2
0.00481,0.17677,0.99401,0.99851,0.038496,0.87179,0.80106,0.98844,2.4382,0.6662,0.59564,0.90515,1
0.12759,0.5918,0.58936,0.93967,3.4856,0.46471,0.31445,0.78027,4.3176,0.56187,0.30718,0.7698,2
1.9772,0.74114,0.42461,0.89612,0.30034,0.43628,0.61094,0.91557,4.451,0.58224,0.39193,0.8057,2
0.3464,0.51324,0.38229,0.89047,2.2616,0.54199,0.28377,0.7686,2.6165,0.54288,0.31396,0.7825,2
0.10996,0.67208,0.60311,0.95412,2.5782,0.57419,0.32312,0.79058,2.8776,0.60631,0.36125,0.80085,2
0.25671,0.48677,0.43697,0.90641,2.9252,0.43236,0.28138,0.78575,3.5519,0.59466,0.29948,0.76973,2
5.7667,0.53034,0.26346,0.77574,2.2839,0.37579,0.25281,0.7725,3.4229,0.3944,0.2285,0.71415,1
1.0787,0.79947,0.51536,0.92049,2.8078,0.40917,0.38654,0.81713,3.9424,0.61926,0.31676,0.78316,2
0.84786,0.51536,0.39711,0.87062,3.3847,0.55489,0.35017,0.77946,1.6555,0.57882,0.33269,0.8076,1
0.61907,0.33285,0.75234,0.94132,1.6443,0.50718,0.72716,0.93076,1.7777,0.5713,0.73983,0.92331,1
1.0093,0.73139,0.42222,0.91296,0.4019,0.77164,0.47027,0.90078,4.9822,0.75368,0.42796,0.87579,1
0.17854,0.62579,0.47754,0.93632,2.524,0.68274,0.34499,0.83215,2.4993,0.74071,0.38452,0.84152,2
0.86017,0.74358,0.42931,0.89787,0.96589,0.56547,0.47735,0.88584,8.2922,0.57655,0.42504,0.83454,1
0.56383,0.61111,0.34046,0.8806,1.221,0.61976,0.33835,0.83073,3.2108,0.58716,0.31456,0.78531,2
0.35245,0.82989,0.49315,0.94158,0.56187,0.60118,0.46893,0.89785,2.4255,0.77206,0.41964,0.84002,1
0.36604,0.6012,0.3796,0.89351,1.2146,0.58622,0.36503,0.84276,4.0057,0.59631,0.34703,0.798,2
0.33125,0.65427,0.32777,0.89837,1.1702,0.66911,0.27782,0.82773,3.5369,0.61668,0.29582,0.79395,2
0.96559,0.5226,0.3499,0.84892,1.0894,0.50814,0.31114,0.81936,3.9331,0.54255,0.27894,0.75117,1
0.50441,0.51477,0.36403,0.88137,1.6307,0.61731,0.33872,0.81846,3.1468,0.51338,0.36713,0.80156,2
0.62194,0.59511,0.44055,0.88854,2.1144,0.59259,0.39922,0.82053,1.5987,0.6136,0.37941,0.82783,1
2.409,0.60038,0.36512,0.86277,1.8628,0.48604,0.40096,0.84023,4.204,0.57201,0.26366,0.74653,2
0.8049,0.47129,0.41571,0.8569,1.369,0.36541,0.41,0.83906,2.3707,0.5973,0.31639,0.78716,1
0.69858,0.53755,0.46131,0.89011,2.1762,0.60705,0.42652,0.81762,1.4022,0.60406,0.40225,0.83572,1
0.90241,0.4668,0.39503,0.85714,2.167,0.38185,0.34032,0.80097,2.8436,0.54533,0.3216,0.775,1
2.2657,0.31399,0.38122,0.82131,1.7543,0.39308,0.36413,0.78587,2.6133,0.42845,0.34685,0.76675,1
1.0508,0.92617,0.53359,0.94524,0.32607,0.55101,0.57733,0.92947,1.1091,0.84712,0.41666,0.90719,1
1.0705,0.71708,0.58037,0.92409,1.0208,0.68329,0.69623,0.92437,4.0468,0.7169,0.58885,0.90375,1
0.30296,0.53356,0.46147,0.90795,2.2821,0.48204,0.3122,0.80111,3.1221,0.60577,0.33102,0.78368,2
2.9838,0.81708,0.53139,0.9264,0.11399,0.61423,0.65036,0.94737,1.6816,0.76925,0.50642,0.89263,1
0.22878,0.54074,0.46062,0.90921,2.0764,0.47297,0.36511,0.81737,3.6555,0.56872,0.35806,0.79111,2
0.56664,0.6334,0.34824,0.88614,0.97727,0.67418,0.32158,0.84162,3.0123,0.6309,0.32052,0.80201,2
0.24317,0.58055,0.44701,0.91256,2.0668,0.5821,0.34779,0.81578,2.4339,0.59428,0.34696,0.80766,2
4.7371,0.63655,0.57996,0.8974,0.16814,0.50449,0.65718,0.94441,2.5564,0.58715,0.54122,0.8613,1
2.1027,0.80851,0.72982,0.96111,0.20358,0.92107,0.36939,0.91904,0.54614,0.92487,0.33383,0.8734,1
0.18687,0.53074,0.46137,0.90793,2.3443,0.50376,0.38587,0.81571,3.3603,0.61368,0.32544,0.79489,2
0.55832,0.66338,0.44177,0.91281,1.476,0.73043,0.40129,0.83736,1.4488,0.6945,0.37488,0.84014,1
0.48061,0.61431,0.51145,0.91533,1.0116,0.67408,0.48845,0.87173,1.4055,0.76061,0.3932,0.85141,1
0.72575,0.95623,0.46597,0.96844,0.076057,0.57796,0.87264,0.97738,0.80306,0.92521,0.40419,0.9252,2
0.29426,0.58642,0.45629,0.9122,2.079,0.42847,0.31671,0.80345,3.3468,0.62048,0.3131,0.77374,2
0.73574,0.48607,0.44509,0.87501,3.0268,0.42812,0.36063,0.80022,2.5438,0.56963,0.36528,0.80212,1
0.68013,0.60907,0.3962,0.88936,1.9809,0.64965,0.35036,0.81428,1.868,0.63778,0.35959,0.81768,1
0.29568,0.72374,0.32698,0.89468,1.5763,0.41546,0.30229,0.83596,2.6966,0.64317,0.27159,0.7799,2
0.186,0.76281,0.41898,0.92644,0.74557,0.56102,0.37301,0.85865,2.4985,0.70343,0.37099,0.80899,2
0.10794,0.83485,0.4499,0.95879,0.95018,0.73305,0.3538,0.87725,1.3723,0.85705,0.3605,0.85814,2
0.1242,0.69003,0.50297,0.94109,1.64,0.62387,0.34386,0.85436,2.9692,0.71007,0.37945,0.83816,2
0.89107,0.46384,0.38857,0.84979,1.9318,0.37822,0.35238,0.79936,4.1128,0.49606,0.32385,0.75846,1
0.21817,0.62583,0.4949,0.92875,1.2409,0.6259,0.43918,0.85103,1.6911,0.69283,0.46574,0.84917,2
0.13649,0.7921,0.4971,0.9464,0.4795,0.63095,0.42001,0.89121,2.8923,0.72916,0.36045,0.81343,2
0.48388,0.63934,0.49309,0.90997,0.95175,0.65557,0.46432,0.8607,1.224,0.69619,0.40543,0.84473,1
1.5732,0.76136,0.45425,0.90709,0.75299,0.53935,0.59486,0.9003,3.4297,0.64752,0.41576,0.83432,2
0.55702,0.47631,0.58806,0.90196,1.7034,0.46008,0.58283,0.86956,1.6255,0.54504,0.54354,0.86032,1
0.58509,0.57668,0.37449,0.87553,0.91497,0.41627,0.36806,0.85491,4.7939,0.57991,0.31636,0.76067,2
0.57822,0.62668,0.43311,0.89278,2.4288,0.61398,0.38128,0.81189,1.4096,0.64068,0.35451,0.83278,1
0.69524,0.49311,0.32986,0.85645,1.5697,0.53295,0.30447,0.79241,3.8608,0.49549,0.31638,0.75798,2
0.48329,0.69401,0.26543,0.88146,1.9183,0.41033,0.22405,0.80778,3.0398,0.70512,0.21325,0.76323,2
0.84199,0.50748,0.40317,0.86721,2.0221,0.44446,0.37082,0.81389,3.4119,0.5664,0.35266,0.78168,1
2.4525,0.8071,0.4314,0.90476,0.7273,0.70242,0.36069,0.86401,2.099,0.71305,0.31041,0.83797,1
2.3652,0.83183,0.342,0.87289,1.8317,0.48199,0.58218,0.86782,2.3946,0.71872,0.30045,0.8122,1
0.27972,0.6422,0.36838,0.89586,2.1914,0.50565,0.24802,0.78763,3.674,0.6083,0.27067,0.76475,2
1.0109,0.58717,0.43785,0.87847,0.70746,0.50593,0.45983,0.87479,2.0942,0.668,0.41111,0.83433,2
0.79341,0.52724,0.42062,0.87623,2.495,0.45035,0.38731,0.8172,2.085,0.63103,0.367,0.80689,1
0.61973,0.96155,0.40531,0.9583,0.093597,0.45282,0.79414,0.96194,1.8423,0.85975,0.31611,0.84256,2
0.53727,0.56065,0.34994,0.8746,1.7415,0.41251,0.31116,0.80092,3.3875,0.57292,0.32214,0.77301,2
1.2255,0.82858,0.34787,0.85538,1.3181,0.46397,0.55533,0.87503,7.7541,0.61311,0.37273,0.8215,1
0.10389,0.78206,0.48168,0.95266,0.84724,0.70792,0.36589,0.87911,2.2223,0.79338,0.23489,0.82658,2
0.14424,0.65155,0.47783,0.93195,2.1429,0.59012,0.35581,0.84008,3.5275,0.69838,0.36709,0.82765,2
0.72138,0.51586,0.4448,0.88162,1.4886,0.47952,0.42182,0.83668,2.1454,0.57126,0.3956,0.81769,1
7.5653,0.36832,0.23446,0.77615,0.7401,0.41355,0.21065,0.79784,5.6367,0.44626,0.16931,0.66418,1
0.1553,0.58909,0.49584,0.92373,2.1992,0.55585,0.31349,0.8157,4.179,0.60445,0.29666,0.77803,2
0.20282,0.4974,0.52747,0.91563,2.2582,0.45899,0.27277,0.7805,2.9003,0.60709,0.27789,0.76157,2
0.23159,0.60983,0.41158,0.92495,1.9759,0.67664,0.32786,0.82983,2.5714,0.68604,0.31626,0.81549,2
0.35067,0.72517,0.4329,0.92095,0.72932,0.72414,0.41221,0.87977,1.9311,0.71381,0.38358,0.83946,2
0.73474,0.54422,0.37799,0.87128,1.9623,0.42853,0.34468,0.81264,2.6045,0.62235,0.29873,0.77906,1
0.86494,0.47083,0.38301,0.84844,2.8606,0.39354,0.33195,0.7887,2.7901,0.51511,0.32,0.77071,1
0.20492,0.55836,0.44395,0.90398,1.8313,0.45677,0.39027,0.82902,3.7909,0.5813,0.32975,0.78916,2
0.15749,0.65857,0.43937,0.92891,1.9427,0.67119,0.30885,0.81772,2.6681,0.64002,0.30342,0.80457,2
1.6848,0.44958,0.37584,0.87118,1.683,0.56208,0.32541,0.82344,4.6734,0.56558,0.32449,0.77023,2
0.22623,0.61952,0.4848,0.93851,1.5826,0.68628,0.37351,0.84748,2.1515,0.68618,0.38224,0.84571,2
0.85438,0.47002,0.39792,0.85177,2.6566,0.34768,0.35267,0.78848,2.6218,0.554,0.34096,0.78305,1
0.74537,0.54669,0.39935,0.87101,2.8818,0.55646,0.35528,0.78868,1.7744,0.54669,0.34108,0.80427,1
0.40051,0.60065,0.39122,0.90417,1.0925,0.61299,0.29854,0.83182,3.5081,0.62258,0.28557,0.78203,2
0.65579,0.60549,0.44863,0.90088,1.6698,0.63377,0.40815,0.8291,1.6356,0.65564,0.38197,0.82729,1
0.58609,0.51824,0.53002,0.89881,2.1822,0.53927,0.50709,0.84937,1.5872,0.55602,0.49668,0.85467,1
1.534,0.88853,0.21804,0.85734,3.2226,0.51211,0.25378,0.78169,2.1116,0.7104,0.17208,0.78186,1
0.77498,0.47792,0.49281,0.87433,2.7731,0.46731,0.47366,0.81637,1.1139,0.44643,0.47993,0.84698,1
1.5115,0.58394,0.63053,0.91096,0.74349,0.62737,0.56639,0.88089,6.0602,0.31815,0.2753,0.72244,1
3.0188,0.39699,0.79863,0.93312,0.69182,0.65679,0.42422,0.8729,0.92264,0.78077,0.43018,0.85932,1
0.38912,0.49978,0.37156,0.86801,2.6804,0.32551,0.33785,0.79194,2.1384,0.49828,0.3472,0.79288,2
0.59522,0.59322,0.51642,0.91541,1.7922,0.66629,0.48456,0.85283,1.1227,0.67642,0.46239,0.86156,1
2.7309,0.77537,0.40465,0.87563,0.38934,0.43661,0.40948,0.87634,3.4625,0.61871,0.31446,0.79961,1
0.23405,0.62087,0.38898,0.92256,2.751,0.66289,0.26467,0.77527,1.8196,0.69887,0.30445,0.81123,2
0.22566,0.55868,0.48908,0.91963,1.5592,0.54047,0.3794,0.83438,3.6031,0.62145,0.39127,0.80538,2
0.76327,0.55313,0.40031,0.87782,2.5208,0.47084,0.3421,0.81314,2.0038,0.66086,0.31561,0.80125,1
0.70911,0.57966,0.41577,0.8865,1.7556,0.59666,0.3629,0.80036,1.835,0.62194,0.33911,0.79966,1
0.59245,0.62517,0.45861,0.9023,1.5598,0.65301,0.41226,0.8385,1.5885,0.62352,0.3875,0.83268,1
0.39473,0.57472,0.41463,0.89246,1.5324,0.50641,0.33198,0.82851,3.2913,0.66273,0.21203,0.76266,2
2.1581,0.82563,0.69726,0.95922,0.41737,0.699,0.53855,0.90324,1.5212,0.64787,0.52353,0.87279,1
0.2121,0.68852,0.45278,0.95153,0.91158,0.74529,0.33796,0.88812,2.0949,0.82164,0.33087,0.86389,2
0.33174,0.81048,0.42302,0.93618,1.5949,0.6086,0.34347,0.84335,1.8013,0.7954,0.3155,0.80157,1
0.85859,0.88405,0.34591,0.90597,1.5687,0.5833,0.49506,0.86363,3.377,0.69066,0.302,0.80868,2
0.36953,0.7352,0.53284,0.9375,1.1009,0.70032,0.49332,0.90816,1.9938,0.77186,0.46885,0.89635,1
0.61517,0.62502,0.42325,0.88511,1.2715,0.42568,0.45067,0.85526,2.4914,0.69094,0.29059,0.79108,1
0.17742,0.51658,0.50783,0.91609,2.122,0.43032,0.30411,0.80401,4.7847,0.5742,0.29534,0.7525,2
0.21209,0.50831,0.50877,0.91191,2.5619,0.42676,0.35369,0.80599,2.3814,0.55903,0.36994,0.80469,2
0.9924,0.48807,0.58771,0.91263,2.099,0.60409,0.55064,0.87783,0.88447,0.62828,0.54873,0.89436,1
0.68626,0.4824,0.44728,0.88886,0.95875,0.45876,0.47304,0.85856,3.3176,0.53513,0.46303,0.8211,2
0.14148,0.6357,0.49481,0.93035,1.8042,0.64153,0.37113,0.84672,3.1905,0.65938,0.30024,0.81248,2
1.4355,0.78914,0.30827,0.83656,1.5623,0.43259,0.49182,0.85316,9.2389,0.54896,0.33347,0.78882,1
0.19853,0.67994,0.60204,0.94338,0.43015,0.70774,0.56625,0.92283,1.3012,0.77717,0.47045,0.88855,2
0.35047,0.55675,0.38434,0.89421,1.9154,0.58203,0.28047,0.79774,2.6913,0.59064,0.30637,0.79474,2
0.87123,0.5116,0.37264,0.85647,2.2944,0.34694,0.32149,0.79695,2.5855,0.57803,0.30844,0.76771,1
0.85377,0.51653,0.35046,0.8498,2.8475,0.55018,0.28971,0.76814,3.9079,0.4767,0.267,0.74051,1
2.0364,0.44578,0.37062,0.82062,0.81628,0.42417,0.35902,0.83414,2.834,0.45195,0.34767,0.78302,2
0.84294,0.52553,0.39274,0.86995,2.5652,0.43329,0.355,0.80898,2.3116,0.62987,0.33712,0.7934,1
0.16134,0.6475,0.5597,0.93676,0.68012,0.55543,0.53814,0.89545,2.9613,0.63578,0.53522,0.86723,2
0.64507,0.95953,0.64381,0.98472,0.016743,0.52929,0.9792,0.99546,0.31999,0.94941,0.62144,0.95644,2
0.84233,0.50792,0.44962,0.91738,1.0479,0.69726,0.44755,0.86939,2.7818,0.70991,0.41714,0.83978,2
0.78309,0.85318,0.63097,0.95368,0.26296,0.66068,0.58139,0.93776,0.89925,0.74189,0.60663,0.92265,2
0.16976,0.61412,0.50404,0.92752,2.4753,0.49858,0.35676,0.82474,2.6876,0.68468,0.29819,0.80522,2
0.36896,0.59506,0.37278,0.88836,2.2264,0.45299,0.32366,0.8031,3.3921,0.60486,0.3442,0.78397,2
2.1964,0.47332,0.43111,0.89455,0.49975,0.58177,0.41249,0.8793,2.8989,0.64734,0.38588,0.81369,1
0.18908,0.60365,0.46872,0.92586,1.6413,0.66345,0.39662,0.8533,2.457,0.63751,0.43761,0.84751,2
0.15368,0.66573,0.48788,0.94203,2.2632,0.56277,0.28694,0.83063,3.2849,0.71634,0.28683,0.80055,2
1.9762,0.82152,0.31944,0.853,2.422,0.4545,0.3659,0.80763,2.0727,0.7014,0.28013,0.79464,1
4.0054,0.79635,0.5045,0.92623,0.059743,0.82678,0.95559,0.99336,2.629,0.77242,0.46674,0.87412,1
0.49519,0.67899,0.43022,0.9076,1.5453,0.6914,0.39445,0.84223,1.352,0.66156,0.40199,0.86016,1
0.15699,0.67074,0.44155,0.93139,1.5697,0.72989,0.37052,0.86547,2.5482,0.74154,0.43905,0.85848,2
0.22966,0.72776,0.4029,0.91213,1.4042,0.45056,0.32601,0.84345,3.2355,0.64869,0.26064,0.77309,2
0.61506,0.56828,0.49919,0.90351,2.2487,0.61861,0.47767,0.83653,1.7278,0.62647,0.44076,0.83934,1
0.32649,0.48651,0.40236,0.89343,2.5528,0.43657,0.25507,0.77843,3.0505,0.56727,0.31527,0.77533,2
0.28545,0.52143,0.53565,0.91522,1.5275,0.46253,0.44385,0.84252,2.5193,0.59385,0.44286,0.82729,2
0.60699,0.66799,0.49402,0.91367,1.7963,0.66779,0.46236,0.84464,0.78683,0.66309,0.48405,0.87619,1
0.50732,0.60085,0.42691,0.89383,0.95607,0.43342,0.38884,0.86565,2.7139,0.65638,0.35868,0.79881,2
1.6784,0.85484,0.34975,0.89535,0.20631,0.51457,0.53752,0.92817,2.932,0.70727,0.32802,0.81142,1
0.95806,0.81738,0.42081,0.90737,2.5281,0.55299,0.43292,0.84213,2.7998,0.64261,0.39976,0.82798,2
0.14881,0.65333,0.5388,0.9508,1.487,0.67335,0.39556,0.86162,2.442,0.75779,0.39022,0.84524,2
0.81768,0.54767,0.53632,0.93642,0.94853,0.67537,0.47116,0.88863,2.6644,0.72664,0.4716,0.85684,2
0.8191,0.76744,0.30812,0.87854,1.2809,0.58228,0.34842,0.85415,5.3091,0.60044,0.25143,0.75343,2
0.7259,0.55121,0.44972,0.89102,2.9424,0.59929,0.42227,0.81674,1.6131,0.61066,0.39448,0.83378,1
0.30481,0.70601,0.32791,0.90421,2.1944,0.46236,0.2915,0.82447,2.5354,0.72925,0.33255,0.79651,2
0.24796,0.4813,0.43751,0.89801,2.0563,0.41906,0.28074,0.78165,3.6178,0.54621,0.2948,0.76082,2
2.3344,0.82249,0.24923,0.82803,1.8938,0.37325,0.45168,0.82605,3.9708,0.61301,0.19991,0.71331,1
0.18886,0.62366,0.38882,0.91356,1.4737,0.66557,0.24661,0.81347,3.575,0.6182,0.28922,0.7823,2
0.11648,0.72971,0.47176,0.94317,1.5097,0.66599,0.36957,0.85534,2.2681,0.74285,0.3521,0.84101,2
0.70775,0.78985,0.34003,0.89603,0.80953,0.64292,0.44222,0.87046,4.7575,0.76825,0.34246,0.8397,1
0,NaN,1,1,0,NaN,1,1,0,NaN,1,1,2
0.64737,0.57823,0.43742,0.88449,1.6639,0.56877,0.40162,0.81541,2.0441,0.57891,0.36509,0.8094,1
0.2008,0.57813,0.41497,0.90361,2.0551,0.46235,0.31214,0.80549,3.4112,0.60814,0.2783,0.76499,2
0.0012255,-0.00015321,0.99939,0.9998,0.0034314,-0.00014008,0.99939,0.99977,0.010631,-0.00013356,0.99939,0.99975,1
4.0236,0.68371,0.66061,0.92652,0.77592,0.70809,0.30833,0.8509,1.3415,0.79765,0.28137,0.7998,1
0.63845,0.58566,0.43793,0.88602,1.8753,0.57164,0.396,0.8191,1.746,0.6094,0.37566,0.82124,1
0.63569,0.58497,0.39803,0.88095,0.96921,0.52355,0.37664,0.85589,2.5664,0.62691,0.36204,0.80757,2
1.0921,0.83143,0.32692,0.89971,1.2241,0.62201,0.39594,0.86936,3.4618,0.66345,0.29649,0.80335,2
0.28912,0.57424,0.46644,0.91908,1.3473,0.64248,0.41472,0.8459,2.3593,0.63591,0.41708,0.83892,2
0.47618,0.51764,0.47681,0.90503,1.615,0.56436,0.38153,0.81729,1.4996,0.65697,0.40338,0.82832,2
0.5042,0.68452,0.41443,0.90615,1.5083,0.69246,0.37204,0.83759,1.4323,0.6651,0.38131,0.85445,1
0.16929,0.61535,0.45611,0.92361,2.1935,0.59908,0.30042,0.8015,2.9129,0.60876,0.31881,0.79591,2
3.6913,0.7731,0.32735,0.851,2.1284,0.42593,0.50131,0.84759,2.352,0.70702,0.27906,0.80225,1
0.98643,0.83103,0.43748,0.91074,1.9347,0.5859,0.44134,0.84004,3.1467,0.59982,0.35963,0.81277,2
0.75885,0.51852,0.41634,0.86716,1.5423,0.45389,0.3754,0.81856,2.8849,0.54343,0.34853,0.7895,1
0.26376,0.59242,0.45668,0.93041,1.1235,0.72939,0.41691,0.86728,2.895,0.71322,0.42468,0.84682,2
2.5297,0.27464,0.47374,0.84469,1.8248,0.38077,0.45623,0.82044,1.7941,0.40453,0.44922,0.81781,1
0.2549,0.71278,0.56501,0.9523,0.67623,0.64197,0.49383,0.89854,2.4467,0.77129,0.49088,0.8651,2
0.23776,0.57602,0.40401,0.90003,2.0111,0.55438,0.31495,0.81209,3.0965,0.59178,0.34811,0.80008,2
0.33006,0.93016,0.65021,0.97612,0.23419,0.62755,0.49584,0.919,1.2512,0.80015,0.26221,0.8322,1
0.29943,0.47443,0.43034,0.90218,2.072,0.57835,0.36677,0.81504,3.4129,0.53382,0.3608,0.79434,2
0.99191,0.7822,0.49947,0.90356,0.28235,0.58372,0.62448,0.92411,5.7886,0.66675,0.51866,0.88436,1
0.57126,0.55437,0.39454,0.87921,1.2154,0.56808,0.29915,0.82774,2.9772,0.57884,0.27265,0.77132,2
0.73464,0.48204,0.50439,0.89067,2.0667,0.55725,0.491,0.84023,1.885,0.58205,0.45829,0.83416,1
1.8245,0.88292,0.42589,0.90934,0.1695,0.46724,0.59435,0.92595,2.8833,0.72061,0.37749,0.83913,1
0.39024,0.48793,0.51171,0.90763,1.8607,0.46955,0.45856,0.84341,2.5884,0.53132,0.48967,0.83718,2
0.4227,0.73262,0.49929,0.93258,0.80288,0.77136,0.47198,0.87622,1.4005,0.7318,0.44008,0.86634,1
0.079994,0.64907,0.70205,0.96066,2.8289,0.46939,0.35024,0.81011,4.4528,0.59529,0.30667,0.77092,2
0.91492,0.84793,0.31493,0.87213,2.8521,0.38273,0.36789,0.77759,3.0739,0.57393,0.23133,0.74551,2
0.29936,0.6141,0.39612,0.90228,1.4605,0.58432,0.34945,0.83221,3.6553,0.6181,0.35035,0.79752,2
0.30672,0.58899,0.55672,0.92749,1.7494,0.55188,0.53926,0.8901,2.8243,0.63184,0.51841,0.85938,2
1.1424,0.72288,0.52357,0.90154,0.71645,0.60689,0.65685,0.91183,5.446,0.64197,0.52809,0.87527,1
0.31841,0.65638,0.38316,0.89713,1.7715,0.41772,0.34712,0.81853,3.1754,0.63353,0.35859,0.78884,2
0.81818,0.47742,0.41598,0.88572,2.0548,0.4888,0.32557,0.80777,4.4716,0.52632,0.32864,0.76392,2
0.78911,0.49691,0.4277,0.87574,2.8072,0.51453,0.39427,0.79807,1.9156,0.57231,0.37787,0.81077,1
0.21719,0.65892,0.92423,0.98503,0.047105,0.49029,0.92705,0.98487,0.97672,0.69704,0.8227,0.95671,2
0.24511,0.47924,0.48881,0.91815,3.2374,0.46711,0.2975,0.78464,4.1157,0.6102,0.31331,0.77465,2
0.20636,0.63442,0.44446,0.93138,1.9055,0.62892,0.31864,0.8132,2.1245,0.66867,0.30496,0.81219,2
0.31163,0.58209,0.48526,0.92048,1.1493,0.6815,0.40718,0.85127,1.8837,0.66759,0.40851,0.84109,2
0.57845,0.47376,0.434,0.87597,1.2604,0.4518,0.36035,0.82863,3.3215,0.55878,0.32913,0.77802,2
0.97227,0.81667,0.64407,0.94253,0.35343,0.48313,0.65124,0.92134,1.6748,0.69087,0.54982,0.87639,2
0.93376,0.47371,0.39329,0.86115,1.784,0.56596,0.34923,0.78993,2.704,0.50356,0.34015,0.78304,1
0.14323,0.6854,0.47029,0.93447,1.0435,0.58394,0.40137,0.85706,2.9376,0.70313,0.33136,0.80889,2
0.14314,0.97955,0.40347,0.98129,1.0273,0.58371,0.40001,0.89431,0.64252,0.93725,0.2151,0.84287,1
0.79501,0.47906,0.41991,0.86028,2.094,0.42159,0.37386,0.81226,3.516,0.52018,0.35276,0.78157,1
0.18188,0.56915,0.46187,0.91884,3.1256,0.54268,0.33941,0.80482,3.4306,0.62947,0.34615,0.79954,2
0.74162,0.84025,0.81588,0.97454,0.0060662,0.51913,0.98968,0.99797,0.57151,0.81011,0.82425,0.96794,2
0.17776,0.56938,0.4504,0.91381,2.5201,0.56456,0.35193,0.82421,3.5936,0.5944,0.33549,0.80067,2
0.2263,0.56148,0.41615,0.8943,2.2934,0.45029,0.30641,0.78708,2.5,0.57265,0.28884,0.77668,2
1.3363,0.69942,0.42064,0.87985,1.4858,0.60136,0.48939,0.85677,5.9381,0.62834,0.41195,0.82043,1
0.64151,0.57737,0.43285,0.88433,1.4498,0.47997,0.39366,0.83684,2.7001,0.61264,0.38177,0.81219,1
0.6509,0.61138,0.40993,0.88099,1.3996,0.41328,0.43381,0.84779,2.7371,0.66551,0.27943,0.77795,1
6.4179,0.32568,0.28092,0.75178,1.9352,0.30632,0.26267,0.74959,3.5945,0.31573,0.25305,0.70629,1
0.97292,0.42993,0.3493,0.83566,3.9122,0.44513,0.29355,0.74301,3.0788,0.42993,0.28518,0.74891,1
1.2984,0.93894,0.37131,0.92346,1.8358,0.4547,0.63451,0.88736,0.93568,0.915,0.301,0.85337,1
2.4076,0.76238,0.4574,0.90461,0.52506,0.48489,0.64776,0.91613,1.8472,0.65096,0.41888,0.84638,2
0.86241,0.52363,0.62518,0.92113,2.0782,0.38524,0.55215,0.8657,3.6892,0.49207,0.53652,0.85019,2
0.67606,0.95267,0.39822,0.95136,0.4282,0.52028,0.58774,0.90806,2.4561,0.81702,0.25994,0.82386,2
0.44179,0.76073,0.36358,0.91821,0.375,0.73733,0.30276,0.884,1.7711,0.74819,0.27444,0.82909,2
1.0504,0.90489,0.3945,0.93527,1.4921,0.68157,0.5741,0.89931,2.1761,0.79127,0.34155,0.85026,2
0.4258,0.7641,0.67024,0.94947,0.54317,0.61533,0.62792,0.92184,0.96654,0.70677,0.60461,0.90824,1
0.87903,0.50596,0.39223,0.8669,2.6062,0.44366,0.35601,0.80843,2.3502,0.61682,0.33792,0.7936,1
0.8203,0.89954,0.45046,0.92525,0.48036,0.55548,0.57773,0.90986,3.2933,0.65458,0.37001,0.82644,2
0.20692,0.49811,0.45004,0.90263,2.965,0.47884,0.31268,0.79052,2.9877,0.57602,0.33479,0.79166,2
0.84586,0.49139,0.38719,0.85693,3.253,0.53458,0.33894,0.77203,2.4534,0.49726,0.32856,0.78835,1
0.76051,0.51962,0.41105,0.86573,1.9418,0.40686,0.38555,0.82014,2.5924,0.54478,0.34959,0.79398,1
0.78162,0.51622,0.4055,0.8629,1.5273,0.43449,0.36097,0.81732,3.0353,0.53924,0.33768,0.78466,1
0.32384,0.60819,0.45809,0.91431,1.6579,0.62881,0.38385,0.82924,2.0762,0.6043,0.38988,0.82799,2
0.1315,0.67078,0.56554,0.95437,0.92812,0.67765,0.51809,0.89655,2.0209,0.75839,0.51781,0.87902,2
0.86019,0.50798,0.41128,0.87401,2.5351,0.47709,0.37364,0.81353,2.1348,0.61847,0.35993,0.80467,1
0.97819,0.80733,0.36132,0.90049,0.54259,0.6638,0.44843,0.88794,2.0029,0.72913,0.36055,0.83457,2
0.42338,0.71526,0.51487,0.93308,1.1334,0.74878,0.43526,0.86279,1.191,0.72443,0.44821,0.87149,1
0.83525,0.39646,0.44895,0.8597,2.6156,0.38039,0.36405,0.7911,2.8955,0.49341,0.3681,0.78606,1
0.18491,0.58318,0.42277,0.91124,1.9494,0.55357,0.33996,0.83234,4.3563,0.61034,0.33179,0.78968,2
1.0232,0.84577,0.82008,0.97421,0.082797,0.80761,0.56797,0.96392,0.4042,0.94972,0.32111,0.89735,1
0.60081,0.9611,0.49063,0.96418,0.84796,0.56527,0.85871,0.95927,0.54115,0.93805,0.51253,0.92506,2
0.144,0.61053,0.63926,0.95586,2.7278,0.55177,0.41045,0.83766,2.8881,0.69661,0.41516,0.8378,2
0.7332,0.58757,0.38209,0.87562,2.1283,0.60539,0.32959,0.78698,1.86,0.58186,0.3026,0.79216,1
1.5925,0.62003,0.45356,0.94161,1.0967,0.80777,0.37398,0.87212,0.83526,0.80097,0.36507,0.87267,1
0.23793,0.57655,0.47877,0.91026,1.916,0.47383,0.39097,0.82915,3.517,0.58321,0.39527,0.79998,2
0.22356,0.58013,0.39996,0.89844,2.5266,0.49383,0.33196,0.81062,3.5685,0.59323,0.31675,0.7926,2
6.6824,0.43696,0.27585,0.75807,2.5178,0.29463,0.25346,0.7571,3.4839,0.37664,0.23869,0.71198,1
0.8693,0.47233,0.38994,0.85136,2.6687,0.41149,0.33948,0.79583,2.8189,0.52397,0.31613,0.77195,1
5.4955,0.58975,0.37469,0.82822,1.7795,0.42108,0.3642,0.829,1.9736,0.52417,0.37543,0.79668,1
0.4974,0.46381,0.39528,0.87765,1.6578,0.52271,0.37047,0.82438,3.3619,0.51878,0.3677,0.79618,2
0.23771,0.44802,0.46382,0.89591,2.0773,0.42893,0.38753,0.80748,4.1619,0.53204,0.31891,0.76868,2
3.775,0.72868,0.3165,0.83422,1.794,0.39686,0.35706,0.82142,2.5593,0.62631,0.2875,0.77961,1
0.55415,0.45952,0.34067,0.85575,1.8652,0.43035,0.29694,0.77647,4.414,0.44962,0.27424,0.73178,2
0.82653,0.42253,0.43684,0.86004,2.5569,0.38527,0.35011,0.78703,2.9869,0.50133,0.3533,0.7817,1
0.26794,0.53578,0.66288,0.9466,0.96351,0.54947,0.56831,0.89068,2.8111,0.58293,0.59591,0.87486,2
0.20809,0.5099,0.56726,0.93664,3.2379,0.58053,0.33476,0.81167,3.0341,0.61106,0.41433,0.82571,2
0.74881,0.91237,0.62675,0.9662,0.16425,0.52141,0.82516,0.96297,1.2434,0.85276,0.56636,0.91359,2
0.96616,0.95917,0.45158,0.97764,0.044838,0.5763,0.86628,0.97852,0.58339,0.94474,0.32931,0.91147,1
0.10138,0.78328,0.47633,0.95787,2.3812,0.78373,0.31323,0.8353,1.5563,0.8337,0.35337,0.86801,2
0.73433,0.52475,0.38762,0.86569,1.7454,0.41579,0.35779,0.81776,2.779,0.59485,0.30042,0.77268,1
0.59703,0.62673,0.47404,0.90912,1.5705,0.66681,0.43445,0.84389,1.2879,0.67067,0.42139,0.8495,1
1.0967,0.89089,0.41695,0.91357,0.54589,0.50411,0.52174,0.88906,3.0712,0.69647,0.34589,0.81617,2
0.15489,0.5118,0.56925,0.9251,2.5892,0.48843,0.45261,0.83441,2.544,0.63282,0.40078,0.82404,2
1.0562,0.42418,0.74678,0.92672,2.3908,0.33976,0.74373,0.90386,0.26026,0.33267,0.79508,0.94541,1
1.0903,0.81139,0.61283,0.94456,0.6475,0.60095,0.55405,0.9032,2.6053,0.72499,0.43846,0.84769,2
0.10346,0.76095,0.57432,0.96598,0.81999,0.71163,0.45804,0.89955,0.97367,0.87261,0.45731,0.89885,2
0.31443,0.70939,0.54811,0.94946,0.91232,0.68044,0.5037,0.89369,2.0282,0.75596,0.5192,0.87878,2
0.5773,0.69784,0.44729,0.90126,0.60346,0.62487,0.41687,0.87325,2.8331,0.62498,0.38419,0.81358,1
0.49373,0.54435,0.47659,0.92481,1.0762,0.58005,0.41398,0.85973,3.6403,0.65373,0.42275,0.82739,2
2.2219,0.59829,0.38237,0.87604,0.28782,0.6281,0.42948,0.89351,3.9205,0.61406,0.41351,0.81928,2
0.22089,0.60369,0.41579,0.92405,1.1813,0.687,0.28955,0.82921,3.3169,0.66457,0.28937,0.79032,2
0.73074,0.94934,0.55315,0.96118,0.084329,0.53434,0.81765,0.9672,0.86252,0.91563,0.41669,0.90797,2
0.2125,0.65786,0.49893,0.92855,2.0943,0.44848,0.34956,0.83284,2.9411,0.6946,0.35216,0.81007,2
0.27218,0.68686,0.45753,0.92157,0.92583,0.71579,0.43439,0.86523,2.2192,0.6467,0.42022,0.84781,2
1.7695,0.57284,0.57853,0.89271,0.68606,0.64349,0.61035,0.90403,5.1072,0.38952,0.35325,0.78636,1
0.63899,0.60576,0.44653,0.90205,1.8534,0.65668,0.40888,0.82535,1.4177,0.65433,0.392,0.83669,1
0.74939,0.51651,0.54472,0.88677,1.7209,0.43489,0.51532,0.84848,1.9364,0.50197,0.50006,0.84126,1
0.031189,0.069171,0.98971,0.99743,0.20732,0.72869,0.63126,0.94456,0.83174,0.7931,0.58424,0.906,1
0.24153,0.46046,0.47393,0.90596,1.8772,0.49994,0.30523,0.80305,2.8785,0.59453,0.32611,0.78739,2
0.52911,0.65758,0.43465,0.90179,1.3063,0.65535,0.40549,0.83602,1.8407,0.73312,0.28622,0.80934,1
0.10424,0.78703,0.49371,0.95249,1.3365,0.70086,0.32315,0.84601,1.5685,0.77519,0.40191,0.8576,2
1.9528,0.8028,0.47381,0.88826,1.8499,0.41833,0.65566,0.88417,2.6656,0.67134,0.42746,0.83276,1
2.3548,0.83067,0.32821,0.88316,0.58071,0.5378,0.35114,0.86661,2.6456,0.66963,0.28166,0.788,1
0.86936,0.4728,0.36864,0.84598,2.1083,0.44826,0.31545,0.78755,3.8335,0.49661,0.28584,0.75331,1
0.44303,0.96343,0.44159,0.96708,0.35692,0.4403,0.8523,0.96542,0.77757,0.94548,0.36508,0.92387,2
0.3896,0.64439,0.29822,0.88523,2.0013,0.57658,0.21932,0.75731,2.3501,0.59884,0.23298,0.76096,2
0.64367,0.59237,0.41665,0.88607,1.0312,0.63892,0.39355,0.85287,2.5775,0.60147,0.32115,0.81548,1
0.51581,0.68589,0.47367,0.92255,1.3807,0.74926,0.43068,0.84742,1.2378,0.68417,0.41422,0.85756,1
2.0295,0.74216,0.38694,0.90173,0.68286,0.67181,0.52467,0.90341,2.7396,0.70772,0.30423,0.82932,2
0.64528,0.54817,0.46358,0.8849,1.5961,0.5044,0.42425,0.84185,4.1017,0.57002,0.39836,0.80945,1
0.55329,0.64587,0.47196,0.90924,1.4507,0.66393,0.4435,0.85637,2.044,0.67011,0.4018,0.84406,1
0.54206,0.96524,0.43481,0.97146,0.032751,0.38897,0.92161,0.98433,0.75467,0.94708,0.39627,0.92162,2
3.8102,0.53705,0.44122,0.81987,0.86294,0.29915,0.41739,0.8391,2.7721,0.43328,0.37647,0.78266,1
0.83707,0.45504,0.41085,0.85516,2.0311,0.36466,0.37797,0.80164,3.2879,0.50685,0.34054,0.77299,1
0.21492,0.67526,0.4673,0.94427,1.6813,0.71939,0.36424,0.86244,2.9391,0.7501,0.35664,0.84914,2
0.72644,0.58961,0.40117,0.88714,2.2568,0.6316,0.34407,0.7988,2.3209,0.62214,0.32746,0.79267,1
0.6402,0.55255,0.44719,0.88228,0.93704,0.44556,0.43815,0.85944,2.4157,0.61894,0.35796,0.80435,1
0.64458,0.56641,0.32842,0.86589,1.2125,0.53998,0.30422,0.81962,3.7921,0.56502,0.31187,0.76972,2
3.468,0.41727,0.36594,0.81163,2.0081,0.37902,0.35665,0.78635,2.6248,0.43517,0.33683,0.764,1
0.88471,0.47877,0.40017,0.85976,1.5934,0.41401,0.3602,0.81392,2.9592,0.55434,0.33329,0.77839,1
6.5745,0.47391,0.32153,0.77828,2.1989,0.27591,0.32266,0.78378,3.1975,0.44496,0.28421,0.73136,1
0.65869,0.58782,0.43855,0.88997,1.5406,0.61943,0.40105,0.81888,1.836,0.61487,0.38126,0.81529,1
