3.7879,0.7713,0.3513,0.88188,0.43686,0.79831,0.59791,0.92283,2.7711,0.66373,0.32336,0.83115,1
1.4588,0.70072,0.40197,0.88206,1.8063,0.39632,0.34162,0.80417,3.4551,0.56356,0.27935,0.75903,2
0.58369,0.96527,0.42572,0.96455,0.067647,0.42565,0.86186,0.9725,1.0797,0.91928,0.34136,0.89163,2
0.97883,0.9524,0.51709,0.97226,0.10403,0.34734,0.82933,0.96759,0.42995,0.95958,0.46309,0.93426,1
1.3994,0.80045,0.324,0.89191,0.4871,0.50975,0.45774,0.88022,3.3757,0.70841,0.27941,0.78911,2
0.44737,0.96363,0.48443,0.98244,0.089629,0.53532,0.75742,0.95896,0.46392,0.9547,0.36574,0.88824,2
0.92966,0.40404,0.41424,0.84748,2.4147,0.39283,0.38398,0.7971,2.6809,0.45668,0.37056,0.7869,1
0.44893,0.9813,0.45032,0.98899,0.039507,0.53417,0.87847,0.98029,0.44383,0.97114,0.30954,0.91796,1
3.2716,0.68312,0.71965,0.93952,0.33333,0.54865,0.73237,0.9619,0.97387,0.72225,0.74195,0.94239,1
1.0571,0.83895,0.30881,0.92441,0.77911,0.72545,0.39743,0.89166,2.6205,0.79886,0.25019,0.81896,2
1.6229,0.64416,0.34188,0.86387,0.50519,0.51568,0.32181,0.85909,1.8529,0.65639,0.31344,0.81556,2
0.9346,0.81986,0.42024,0.91375,0.1485,0.53828,0.68873,0.94761,3.4453,0.83576,0.47153,0.92401,1
0.52482,0.96424,0.47801,0.97807,0.080775,0.54982,0.95502,0.98938,0.36134,0.96136,0.47476,0.92389,2
1.2408,0.93302,0.43481,0.93325,0.39812,0.3681,0.56023,0.91678,2.2424,0.7774,0.37475,0.82853,1
1.7575,0.78114,0.34529,0.9102,0.5612,0.59633,0.45943,0.88751,3.5067,0.69525,0.22982,0.7636,2
1.9807,0.77838,0.35178,0.88814,0.2568,0.5301,0.67443,0.93514,4.3183,0.68481,0.34625,0.82896,2
1.0344,0.50248,0.43647,0.87592,0.90798,0.5368,0.52769,0.87437,3.5302,0.51147,0.44745,0.81209,2
0.26045,0.79303,0.38164,0.92774,0.66072,0.6468,0.35568,0.87986,2.2409,0.76281,0.32585,0.82728,2
2.6443,0.61806,0.51504,0.87518,0.18748,0.45784,0.53045,0.9094,3.0705,0.58215,0.32929,0.79914,1
0.36778,0.96608,0.51508,0.9772,0.039691,0.52649,0.90912,0.9833,0.45967,0.96365,0.47857,0.94239,2
2.0047,0.38371,0.39133,0.84981,1.0056,0.39984,0.39793,0.83704,3.7111,0.49185,0.3793,0.78621,2
0.17385,0.60555,0.433,0.91552,2.2485,0.59729,0.30546,0.79906,3.0973,0.57662,0.30503,0.79043,2
1.0998,0.80692,0.28955,0.91679,0.73712,0.66089,0.30309,0.86777,1.6001,0.77997,0.22542,0.82571,2
0.89415,0.92724,0.50131,0.96803,0.0039522,0.5292,0.98904,0.99817,0.83104,0.93146,0.4799,0.93725,2
2.8473,0.7794,0.34834,0.84507,1.8442,0.36477,0.47954,0.84057,3.2212,0.61217,0.32578,0.7945,1
0.4117,0.77236,0.41496,0.92604,1.0777,0.59835,0.33651,0.83943,2.6457,0.7277,0.30784,0.7814,1
2.7415,0.8346,0.27053,0.87719,0.84312,0.44045,0.49721,0.87539,3.2859,0.69874,0.19407,0.73802,1
1.2347,0.65198,0.36802,0.86138,1.716,0.37235,0.37736,0.81836,4.1466,0.52932,0.30464,0.76364,2
0.15282,0.70728,0.51789,0.93851,0.48163,0.66698,0.47774,0.90609,2.7167,0.70559,0.36759,0.84412,2
1.0836,0.95046,0.41151,0.94905,0.3972,0.41787,0.59292,0.91469,1.2898,0.87747,0.33388,0.8551,1
1.9472,0.7576,0.55191,0.92193,0.34963,0.56747,0.54992,0.92273,2.633,0.747,0.51863,0.88135,1
1.0666,0.87757,0.44358,0.91778,2.7178,0.54296,0.5664,0.87127,2.7261,0.68774,0.44763,0.85393,2
2.3283,0.88167,0.55024,0.95761,0.02788,0.74933,0.868,0.98701,1.3861,0.87287,0.51412,0.92856,1
0.5034,0.63516,0.59432,0.91347,0.51737,0.5809,0.57569,0.89521,2.9497,0.54634,0.54389,0.84899,1
1.0647,0.70682,0.56307,0.93265,0.59084,0.58556,0.49443,0.89351,2.8231,0.67419,0.42582,0.83556,2
1.1468,0.9052,0.48136,0.96095,0.10418,0.51138,0.78574,0.96185,0.97687,0.89499,0.39941,0.87623,2
5.0298,0.5685,0.43034,0.85347,1.0084,0.59345,0.47554,0.86061,4.4491,0.49838,0.22957,0.72689,1
2.1821,0.81523,0.52838,0.89714,1.6681,0.20868,0.64281,0.88823,1.3287,0.76443,0.52482,0.8715,1
0.98699,0.92543,0.66329,0.97228,0.027742,0.48538,0.92604,0.98657,0.52197,0.9556,0.46759,0.93683,2
0.54009,0.97742,0.45838,0.98723,0.22603,0.34772,0.85047,0.97826,0.52969,0.96372,0.32779,0.9044,1
0.45191,0.66612,0.5281,0.92023,0.58562,0.5755,0.50381,0.89143,2.3677,0.65045,0.46904,0.84577,1
0.83438,0.93797,0.42327,0.95999,0.73159,0.44027,0.64622,0.89926,1.3439,0.88855,0.29852,0.85265,2
1.6833,0.90934,0.58767,0.96983,0.047978,0.50211,0.8866,0.97893,0.88725,0.90213,0.54438,0.91647,1
0.85147,0.86514,0.37972,0.9312,0.29556,0.73099,0.52249,0.92895,2.2999,0.81224,0.36739,0.85206,2
1.3859,0.81353,0.41964,0.90489,0.71415,0.62003,0.42148,0.88173,1.2958,0.72946,0.37513,0.8513,2
2.4281,0.59795,0.64707,0.90059,0.52881,0.4489,0.71183,0.91851,1.6544,0.68479,0.39553,0.84892,1
0.5739,0.70621,0.43726,0.92993,1.0585,0.62284,0.36741,0.86103,1.8027,0.75939,0.34636,0.82774,1
0.4439,0.44356,0.68668,0.92262,1.4403,0.42493,0.67965,0.89676,1.0413,0.45512,0.68453,0.90744,1
3.9305,0.79845,0.48917,0.92068,0.055331,0.45917,0.84659,0.97246,1.7905,0.81249,0.43622,0.8936,1
0.13738,0.7453,0.48133,0.94753,1.0788,0.73877,0.39037,0.86855,1.4618,0.76155,0.39435,0.87107,2
0.44098,0.98112,0.49975,0.99102,0.10816,0.69834,0.84009,0.98031,0.33644,0.97171,0.41692,0.92681,1
0.36031,0.63102,0.33806,0.88949,1.7419,0.45712,0.26467,0.80191,3.2992,0.62821,0.27608,0.75819,2
0.78493,0.96742,0.46741,0.97994,0.21183,0.11338,0.95992,0.98984,0.47785,0.94929,0.30121,0.9054,1
0.9064,0.80471,0.32807,0.93369,0.74585,0.67291,0.26846,0.86126,2.0858,0.81296,0.21168,0.79401,2
0.42554,0.64949,0.58223,0.92726,0.41896,0.59584,0.58425,0.91346,1.9518,0.62722,0.54361,0.87637,1
1.9906,0.69176,0.28668,0.85906,1.22,0.7159,0.45315,0.85433,3.3577,0.57004,0.27004,0.77925,2
0.7911,0.93869,0.39476,0.94761,0.55751,0.50031,0.7103,0.92621,2.2608,0.81162,0.30996,0.85348,2
1.6655,0.90825,0.32072,0.86518,1.3045,0.24311,0.47107,0.84352,2.3223,0.75155,0.26703,0.80555,1
1.1376,0.81185,0.54709,0.91694,0.32428,0.31486,0.71039,0.92447,2.935,0.6129,0.53886,0.86267,2
2.5203,0.80032,0.28212,0.88228,0.97074,0.57006,0.35703,0.84743,3.2934,0.6927,0.21469,0.77103,1
0.39268,0.97082,0.44402,0.98277,0.014522,0.43128,0.98375,0.99666,0.30553,0.97399,0.39007,0.945,2
1.9172,0.69302,0.44811,0.87347,0.56167,0.42557,0.65506,0.91048,3.7403,0.58162,0.43047,0.82859,2
0.48384,0.63247,0.56322,0.92362,0.46259,0.48802,0.55288,0.90178,3.1809,0.63154,0.51623,0.84392,1
0.34917,0.67709,0.51103,0.9224,0.36029,0.48436,0.48956,0.90219,3.029,0.65007,0.48069,0.84282,2
0.24164,0.64636,0.4184,0.90981,1.5368,0.50069,0.34086,0.82444,3.3418,0.61105,0.37229,0.79802,2
2.5349,0.79716,0.29005,0.87598,0.59703,0.57536,0.45988,0.87959,2.5765,0.66273,0.19674,0.78118,1
0.83153,0.95307,0.56887,0.97898,0.010294,0.53185,0.98749,0.9973,0.35944,0.97421,0.39379,0.94163,2
0.59015,0.94917,0.25717,0.92829,0.31281,0.55672,0.57459,0.92323,2.0255,0.84316,0.23335,0.85931,2
0.11884,0.69954,0.52676,0.94685,1.8844,0.63674,0.35279,0.83947,2.9327,0.72079,0.36261,0.83266,2
3.6939,0.80661,0.31164,0.87899,0.46532,0.44242,0.4052,0.86353,2.7471,0.73315,0.25644,0.79852,1
0.8801,0.74498,0.32482,0.89398,0.34369,0.86046,0.62237,0.92855,5.7772,0.74408,0.3801,0.87529,1
0.75021,0.50194,0.48475,0.89577,1.6901,0.36717,0.38025,0.81283,3.272,0.50423,0.36221,0.78124,2
0.89724,0.89623,0.68795,0.97286,0.013113,0.2699,0.99346,0.99833,0.87495,0.89457,0.69048,0.95629,2
2.5338,0.65587,0.36317,0.86899,1.8129,0.63273,0.65287,0.89761,4.1256,0.61051,0.34237,0.7989,2
0.42822,0.96336,0.45614,0.96661,0.14254,0.44607,0.80461,0.95814,1.4081,0.87109,0.3655,0.87804,2
5.0678,0.73981,0.50434,0.90769,0.10605,0.47832,0.78466,0.95902,2.4859,0.71913,0.46164,0.8435,1
0.086075,0.71301,0.62945,0.95873,2.1421,0.6132,0.37726,0.82705,2.418,0.64883,0.38432,0.82378,2
1.5454,0.89209,0.47221,0.92687,0.10119,0.40716,0.79234,0.96126,2.1328,0.78477,0.38044,0.87809,1
2.3151,0.80804,0.33945,0.88502,0.72301,0.52212,0.43819,0.87134,3.4009,0.68401,0.28965,0.79549,1
0.20003,0.61878,0.42771,0.92951,2.2773,0.58712,0.2896,0.80457,1.6923,0.71868,0.31371,0.82172,2
0.3341,0.77404,0.55599,0.93947,0.35193,0.60319,0.53831,0.91393,1.9906,0.73493,0.50145,0.86016,1
0.8606,0.41231,0.42976,0.85286,3.5411,0.46209,0.3952,0.78826,2.4933,0.45286,0.38071,0.80231,1
0.77688,0.7187,0.50975,0.93579,0.3813,0.67803,0.5438,0.92323,2.4799,0.74762,0.45381,0.85723,2
1.2327,0.80989,0.37724,0.91668,0.73767,0.60992,0.43575,0.88184,2.6419,0.74677,0.28494,0.81165,2
0.83955,0.95255,0.55228,0.97536,0.023866,0.38387,0.95848,0.99097,0.38125,0.97279,0.37985,0.93776,2
2.1838,0.88223,0.53362,0.95711,0.041268,0.66786,0.86033,0.98062,0.66733,0.89955,0.51123,0.92894,1
0.34665,0.77599,0.41645,0.92544,0.40407,0.55749,0.38901,0.88387,2.5502,0.70677,0.34843,0.81023,2
1.8559,0.91903,0.47326,0.96048,0.053416,0.46163,0.85307,0.97374,1.1196,0.91123,0.3564,0.87531,1
0.53799,0.50599,0.55768,0.90304,0.54289,0.46459,0.55413,0.8885,2.0527,0.5787,0.50204,0.84646,1
1.3745,0.92601,0.29329,0.90893,0.51121,0.54767,0.45289,0.89181,2.303,0.78851,0.2441,0.81815,1
1.1839,0.67115,0.36317,0.87589,0.7718,0.42029,0.37135,0.84766,2.4391,0.63694,0.29053,0.78571,1
6.7563,0.30064,0.43335,0.8184,0.5644,0.38948,0.44608,0.86033,3.8156,0.36874,0.41091,0.78071,1
3.1151,0.74173,0.43115,0.86534,0.89242,0.43284,0.3289,0.84854,1.7832,0.64092,0.31578,0.7945,1
0.94818,0.83279,0.37632,0.91749,0.42699,0.6086,0.48142,0.9015,2.3711,0.74446,0.35477,0.82413,2
0.50666,0.65837,0.38516,0.89425,0.99795,0.58872,0.35544,0.84315,2.799,0.64943,0.36554,0.8041,2
0.54547,0.44738,0.41493,0.87154,1.604,0.42868,0.39828,0.82954,3.8369,0.52707,0.39122,0.78817,2
8.5939,0.50984,0.49304,0.84481,0.41333,0.44107,0.67749,0.93181,3.6997,0.49685,0.48719,0.81973,1
0.25312,0.50956,0.39494,0.88714,2.0727,0.42215,0.3419,0.80973,5.1393,0.54059,0.33795,0.77571,2
1.4022,0.85945,0.70898,0.96137,0.10207,0.21363,0.87327,0.9712,0.87872,0.84386,0.69673,0.93215,1
0.2617,0.7851,0.39121,0.92828,0.62402,0.6452,0.36875,0.88345,2.2618,0.75996,0.33725,0.82956,2
0.48779,0.95056,0.26531,0.90089,1.2549,0.46249,0.41832,0.85081,3.0973,0.73226,0.1944,0.79577,2
0.43917,0.50794,0.46722,0.90764,2.3472,0.51164,0.35136,0.79584,1.4772,0.61524,0.37912,0.82616,2
0.80677,0.96376,0.507,0.98284,0.21512,0.36623,0.84473,0.96906,0.59326,0.95657,0.42513,0.89525,1
1.386,0.84487,0.57787,0.94566,0.032123,0.44476,0.94017,0.98767,1.4345,0.85091,0.55387,0.92626,2
1.3172,0.87855,0.28563,0.91959,0.68661,0.68049,0.35125,0.87823,1.6358,0.82831,0.22206,0.81769,1
1.1092,0.94495,0.56626,0.97995,0.22721,0.5287,0.62599,0.95144,0.55679,0.94453,0.52722,0.93662,1
0.96903,0.76163,0.53478,0.93263,1.1821,0.67114,0.48782,0.87885,1.5969,0.77693,0.41193,0.85167,2
0.28882,0.75536,0.40056,0.91949,0.47757,0.57839,0.36915,0.88325,3.0501,0.70019,0.34884,0.82937,2
0.60199,0.65497,0.43159,0.90347,1.4102,0.62664,0.3758,0.83641,1.6498,0.6915,0.38395,0.83619,1
1.1027,0.55787,0.71165,0.92799,0.53399,0.59668,0.64859,0.91258,2.207,0.77793,0.42403,0.86661,1
0.63344,0.97381,0.49048,0.98785,0.12681,0.78329,0.66128,0.95498,0.50051,0.95358,0.34642,0.90526,1
3.6159,0.64474,0.38733,0.82921,1.1495,0.41085,0.41816,0.83418,3.8189,0.54599,0.16812,0.70377,1
1.4668,0.9242,0.4005,0.91509,2.0857,0.35507,0.50497,0.8736,0.86561,0.89751,0.35261,0.86569,1
1.9235,0.69594,0.53205,0.90893,0.088174,0.42975,0.76509,0.95591,3.2393,0.65299,0.50359,0.85967,2
1.6712,0.91218,0.29459,0.86054,1.7376,0.22011,0.37328,0.82693,2.0375,0.7825,0.22809,0.78525,1
0.45613,0.48868,0.61306,0.92259,1.6309,0.42038,0.60705,0.87555,2.6874,0.48965,0.60501,0.8753,2
0.86523,0.92734,0.22645,0.88485,0.98891,0.4263,0.48458,0.8536,2.6425,0.76403,0.20107,0.77846,2
3.2397,0.71652,0.43683,0.89218,0.093107,0.37626,0.89732,0.97644,3.0298,0.75682,0.39101,0.85091,2
0.87284,0.94762,0.23129,0.89063,1.9007,0.38312,0.46516,0.83022,3.985,0.63491,0.1777,0.74777,2
1.345,0.89835,0.28037,0.925,0.40991,0.71142,0.42222,0.90351,2.2352,0.79464,0.20154,0.81751,2
0.45784,0.98092,0.45666,0.98077,0.060677,0.4673,0.83765,0.97083,0.39594,0.9664,0.33728,0.92135,1
3.1913,0.63159,0.35007,0.85255,0.60087,0.52387,0.48482,0.87838,4.7939,0.52458,0.29102,0.76376,1
2.7936,0.85382,0.31435,0.8864,0.56558,0.36368,0.52059,0.89197,3.8506,0.69777,0.27399,0.81215,1
3.4903,0.5918,0.30228,0.89004,1.1525,0.55213,0.21966,0.81082,2.6072,0.66731,0.18235,0.73817,1
1.0895,0.95384,0.45121,0.97486,0.046906,0.5765,0.87161,0.97948,0.68964,0.93475,0.33412,0.91027,1
0.37848,0.70783,0.40674,0.91741,0.63366,0.68093,0.39338,0.889,2.1564,0.73626,0.3696,0.84334,2
0.62613,0.96787,0.41778,0.95271,0.74246,0.64428,0.72934,0.92809,0.60763,0.93664,0.36025,0.90025,2
0.70452,0.61054,0.39656,0.88414,1.9395,0.39384,0.35575,0.82969,3.4956,0.67072,0.32071,0.77164,1
0.95538,0.87491,0.47865,0.92197,2.0542,0.46643,0.67472,0.89811,1.9387,0.72283,0.49361,0.85866,2
1.5983,0.82874,0.35226,0.88483,0.17521,0.4597,0.53337,0.91282,3.2465,0.64421,0.29863,0.79338,2
3.9678,0.81426,0.40383,0.89225,1.235,0.1548,0.6789,0.91478,2.0041,0.80959,0.33241,0.82211,1
0.23358,0.8615,0.49564,0.95657,0.54642,0.75523,0.41743,0.90814,1.9408,0.82997,0.39127,0.86377,1
0.51302,0.55383,0.58102,0.94234,0.59164,0.60875,0.51596,0.90143,2.871,0.72372,0.54261,0.87532,2
0.37667,0.96396,0.53821,0.97204,0.092525,0.53759,0.81142,0.96772,1.1785,0.90183,0.44322,0.91632,2
1.7156,0.72324,0.38332,0.88955,0.98254,0.71722,0.25741,0.82665,1.7758,0.68763,0.2142,0.80067,1
0.17702,0.62278,0.60628,0.94345,0.55885,0.73954,0.56089,0.90842,1.6665,0.73213,0.48337,0.87779,2
2.0026,0.79066,0.48454,0.91346,0.49752,0.49227,0.77376,0.94059,2.0989,0.67237,0.44254,0.85416,2
0.25126,0.43709,0.53994,0.90897,1.7813,0.33793,0.42957,0.82878,3.0218,0.53122,0.4295,0.80503,2
1.8994,0.86313,0.29999,0.90444,1.5738,0.53049,0.69034,0.90599,2.5795,0.74596,0.27378,0.79341,2
0.63021,0.94761,0.39197,0.96079,0.45908,0.5833,0.43294,0.90299,2.3958,0.79776,0.22109,0.85384,2
3.5744,0.72147,0.26314,0.86321,0.30895,0.48611,0.43125,0.89162,3.0564,0.65857,0.20306,0.77196,1
0.15763,0.7742,0.4552,0.94398,0.53016,0.63352,0.3521,0.88208,2.3585,0.76854,0.33216,0.81981,2
1.2252,0.83775,0.64388,0.95864,0.20335,0.53433,0.75026,0.94947,2.1486,0.76664,0.49476,0.88676,2
1.6558,0.71571,0.67131,0.94134,0.050337,0.46549,0.89935,0.98111,1.6803,0.72637,0.64809,0.91447,2
1.8162,0.72686,0.45076,0.89899,0.047457,0.85399,0.66597,0.98068,3.3297,0.67434,0.41073,0.85236,1
0.10734,0.78484,0.41841,0.94645,0.9701,0.68644,0.26653,0.85692,2.5361,0.77728,0.22279,0.79974,2
2.5766,0.77465,0.55177,0.9101,0.5343,0.63634,0.51279,0.90348,2.3487,0.60552,0.44737,0.84829,1
1.1346,0.77867,0.41624,0.88681,0.62491,0.52311,0.51414,0.88983,3.2819,0.63768,0.40664,0.82802,2
1.5195,0.91067,0.52115,0.95485,0.12512,0.54622,0.84425,0.97005,1.4072,0.84742,0.45245,0.89855,2
0.501,0.95974,0.50522,0.98246,0.038756,0.51243,0.97312,0.99394,0.38994,0.97035,0.47176,0.94026,2
0.92273,0.95773,0.51504,0.97884,0.07546,0.19622,0.91848,0.98059,0.52376,0.9585,0.43065,0.91242,1
0.23269,0.97854,0.52315,0.98391,0.036106,0.82191,0.77299,0.98342,0.3159,0.96973,0.46212,0.94966,2
4.5579,0.72964,0.32957,0.84056,1.0404,0.40376,0.6477,0.88985,3.4207,0.65005,0.29478,0.78189,1
0.70303,0.9267,0.46261,0.94764,2.2574,0.54219,0.53762,0.86054,2.1044,0.78819,0.32042,0.82075,2
1.6514,0.86017,0.30561,0.90323,0.91386,0.57853,0.29715,0.85586,2.1818,0.74622,0.24085,0.80141,1
0.83863,0.96315,0.39021,0.93985,0.12558,0.43161,0.70113,0.93995,1.7845,0.85876,0.25873,0.83532,1
0.92007,0.73246,0.58738,0.93663,0.16443,0.47235,0.56148,0.91952,4.6015,0.5804,0.3517,0.80986,1
1.5003,0.90887,0.30207,0.8778,0.89874,0.43195,0.53289,0.8685,2.063,0.79966,0.28326,0.83049,1
0.94303,0.90375,0.57701,0.95017,0.098958,0.58532,0.76159,0.96144,1.6917,0.80545,0.49804,0.8866,2
0.55748,0.52981,0.4505,0.88438,1.9271,0.43771,0.31905,0.83424,2.7208,0.66142,0.30702,0.80738,1
1.2046,0.77781,0.35909,0.91934,0.59609,0.65481,0.44856,0.89162,3.6409,0.73301,0.28347,0.80526,2
0.87028,0.91351,0.28938,0.898,1.7013,0.49877,0.36836,0.82174,4.0752,0.67687,0.18887,0.77037,2
2.9572,0.82662,0.26784,0.86092,1.4037,0.55942,0.52221,0.87057,1.7816,0.77027,0.22393,0.81919,1
0.80954,0.96191,0.47797,0.97363,0.095006,0.45935,0.87347,0.97301,1.0487,0.91525,0.35175,0.90575,2
0.31446,0.75803,0.33549,0.92038,0.62451,0.61249,0.28154,0.85754,2.46,0.75314,0.27289,0.78716,2
0.5053,0.9787,0.50127,0.98996,0.053585,0.72384,0.757,0.97337,0.33566,0.96838,0.38976,0.92801,1
1.6945,0.80734,0.58041,0.93908,0.035371,0.65937,0.88803,0.98419,1.3592,0.8055,0.56379,0.92766,2
0.85651,0.89488,0.55675,0.94922,0.1322,0.52175,0.72137,0.95315,2.336,0.79015,0.45027,0.86326,2
0.37227,0.63864,0.57163,0.9264,0.75224,0.53587,0.42366,0.88688,2.4055,0.71249,0.41006,0.85051,1
0.56566,0.64039,0.4412,0.90015,2.4582,0.66349,0.3886,0.8444,3.0126,0.63472,0.38977,0.82273,1
2.5644,0.85014,0.33941,0.88703,0.4454,0.40603,0.55773,0.89239,4.0694,0.67827,0.29649,0.8068,1
4.3433,0.70553,0.32253,0.84785,0.49205,0.62865,0.51896,0.8943,4.1151,0.60385,0.29194,0.79157,1
1.8059,0.88782,0.21571,0.84004,2.4745,0.4113,0.30274,0.76998,2.2621,0.74768,0.15718,0.75431,1
0.95933,0.94996,0.33022,0.91954,1.1366,0.30306,0.66361,0.89084,1.8036,0.81441,0.27159,0.83102,2
2.2367,0.66568,0.45062,0.89268,0.15798,0.54525,0.63661,0.9406,3.8044,0.68869,0.39162,0.83249,2
0.16333,0.72528,0.60845,0.97596,1.3345,0.64625,0.2587,0.82243,1.4792,0.82076,0.26421,0.80882,2
0.1769,0.52182,0.56496,0.92112,1.6461,0.40622,0.41775,0.83213,3.3578,0.55935,0.40796,0.80906,2
1.8052,0.47038,0.35811,0.83203,1.2888,0.52017,0.33772,0.80693,1.8727,0.45431,0.34634,0.80767,2
0.11169,0.77196,0.45637,0.95539,0.87693,0.72671,0.30322,0.87215,2.2627,0.80584,0.28727,0.83064,2
0.29939,0.7326,0.57442,0.94111,0.3727,0.57727,0.5444,0.91217,1.6398,0.69089,0.52199,0.88233,2
1.3623,0.87305,0.43126,0.93708,0.15562,0.61646,0.81535,0.96594,1.6686,0.8376,0.37997,0.88881,2
2.5247,0.65766,0.31368,0.8897,0.64305,0.74468,0.45051,0.90539,3.7405,0.72442,0.21714,0.76847,2
7.0167,0.59996,0.50578,0.87216,0.044286,0.26799,0.90407,0.97914,3.5404,0.58505,0.48086,0.82826,1
0.26529,0.84323,0.45911,0.95042,1.1003,0.68554,0.38562,0.86135,1.0896,0.83824,0.38408,0.84061,1
0.86342,0.95989,0.53466,0.98233,0.33362,0.59612,0.67774,0.95702,0.46207,0.95172,0.47747,0.93132,1
0.65011,0.2862,0.5989,0.88603,0.808,0.28808,0.57225,0.87126,2.4415,0.42922,0.54332,0.84265,1
0.88624,0.95736,0.27608,0.91375,0.52662,0.56455,0.40678,0.86877,2.4936,0.76199,0.18917,0.80201,1
3.3164,0.82293,0.55126,0.93976,0.010616,0.56393,0.98254,0.99687,1.1375,0.83524,0.51996,0.91349,1
0.32616,0.82237,0.45569,0.93683,0.8875,0.59061,0.40475,0.87363,1.6392,0.79023,0.37457,0.82877,1
1.0423,0.54462,0.46903,0.9012,1.6088,0.56122,0.43182,0.84565,1.6104,0.69867,0.45595,0.84384,1
2.441,0.75247,0.20929,0.87363,0.43096,0.66606,0.48401,0.91102,3.8504,0.70124,0.17796,0.76436,2
0.94067,0.92839,0.66524,0.9728,0.021952,0.39075,0.94357,0.98919,0.87457,0.88412,0.62277,0.95371,1
2.2251,0.52261,0.46395,0.85688,1.544,0.57182,0.48814,0.85021,1.5677,0.48932,0.45088,0.84077,1
1.0458,0.78917,0.42817,0.89232,0.91575,0.52856,0.56439,0.88088,3.3964,0.60468,0.43028,0.8335,2
0.16238,0.76756,0.53293,0.94953,0.73649,0.64246,0.43971,0.88297,1.7532,0.78115,0.45726,0.85462,2
3.1237,0.68845,0.32159,0.85429,0.43958,0.69129,0.45405,0.88474,2.4559,0.69446,0.2226,0.81184,1
7.7835,0.45659,0.37918,0.78885,1.6886,0.20218,0.39024,0.81908,3.2575,0.41326,0.37082,0.76389,1
0.33523,0.969,0.51902,0.9818,0.093566,0.82292,0.75336,0.96528,0.35922,0.96846,0.48778,0.93021,2
3.5198,0.71002,0.3434,0.83409,2.0134,0.35715,0.33401,0.81279,2.0805,0.65575,0.30761,0.79831,1
4.0158,0.62459,0.35149,0.83948,1.1709,0.55529,0.53297,0.87375,3.8779,0.55947,0.31835,0.79502,1
2.2147,0.81896,0.38297,0.89503,0.35974,0.53673,0.64522,0.92113,3.0212,0.69277,0.35987,0.84455,1
0.29029,0.69958,0.6155,0.93984,0.11175,0.59476,0.62553,0.94425,2.5325,0.66235,0.54303,0.87329,2
0.2398,0.93821,0.72935,0.98498,0.17886,0.77027,0.59541,0.94552,1.1662,0.87383,0.35881,0.87734,1
4.8217,0.67403,0.3036,0.80812,2.785,0.29204,0.30837,0.79896,2.5984,0.52337,0.27792,0.75103,1
0.54251,0.94993,0.56632,0.97991,0.068949,0.53507,0.88206,0.97764,0.36919,0.96253,0.54207,0.93835,2
1.1818,0.75185,0.33056,0.91519,0.80705,0.64546,0.36226,0.86967,1.7759,0.75959,0.28734,0.82873,2
3.1448,0.7297,0.63644,0.93355,0.051225,0.65734,0.82806,0.97565,1.0612,0.72124,0.5672,0.91128,1
0.34001,0.62769,0.45693,0.9015,0.67771,0.55655,0.39452,0.86608,2.7308,0.60766,0.38803,0.81466,2
0.81235,0.66608,0.48971,0.89931,0.98061,0.54394,0.45226,0.86588,1.7259,0.55797,0.42954,0.8404,2
0.4513,0.6946,0.48081,0.9183,0.32313,0.56241,0.4768,0.90815,2.7842,0.66457,0.44009,0.84948,2
0.88114,0.92714,0.48904,0.97097,0.13522,0.74981,0.69872,0.97265,0.47187,0.9485,0.4404,0.94426,2
2.5258,0.76436,0.49748,0.88899,0.25265,0.43199,0.43011,0.88066,3.7194,0.6031,0.29549,0.77339,1
0.33503,0.42137,0.65198,0.92753,2.0826,0.51742,0.51422,0.87627,1.5625,0.70032,0.50234,0.8742,1
1.7887,0.90467,0.56245,0.96406,0.026072,0.7136,0.89382,0.98921,1.11,0.90103,0.53666,0.93309,1
2.4188,0.72376,0.31493,0.86081,0.9699,0.58714,0.60001,0.89207,3.4481,0.65207,0.29619,0.80225,2
0.42839,0.7155,0.46443,0.91647,0.5693,0.792,0.48233,0.8841,4.4619,0.73523,0.45845,0.8565,1
1.52,0.72792,0.34273,0.88394,1.0377,0.67203,0.49005,0.87101,2.121,0.68558,0.37035,0.83568,2
1.1748,0.84926,0.53113,0.92764,1.2372,0.25395,0.80882,0.93218,1.9606,0.79249,0.52941,0.89342,2
0.17719,0.50349,0.57629,0.93015,1.6826,0.48135,0.38532,0.8327,3.8261,0.59529,0.39421,0.81046,2
0.12788,0.62062,0.67445,0.96078,0.77577,0.62662,0.51326,0.89066,2.9591,0.64683,0.50538,0.85873,2
1.2783,0.90431,0.38109,0.93787,0.60172,0.68078,0.60098,0.9219,2.5926,0.79175,0.29401,0.83598,2
0.16694,0.51151,0.59222,0.93547,2.4261,0.46571,0.41659,0.81434,3.3291,0.54496,0.43343,0.81522,2
1.7324,0.82428,0.35727,0.90294,0.07546,0.60622,0.74842,0.96392,3.168,0.71491,0.32744,0.81559,2
0.64844,0.59657,0.44523,0.92757,2.1116,0.59187,0.34522,0.81299,1.5192,0.72379,0.36689,0.83123,2
2.954,0.79167,0.64779,0.94588,0.034988,0.76835,0.8152,0.98251,2.0506,0.77288,0.63309,0.92376,1
0.98105,0.92863,0.33112,0.91995,0.12408,0.48686,0.6592,0.93944,2.4718,0.76733,0.31168,0.84723,2
3.8549,0.56929,0.48335,0.86944,0.44101,0.42041,0.50204,0.88439,3.3992,0.54178,0.4522,0.82314,1
0.41791,0.97161,0.41175,0.97997,0.012806,0.59237,0.97694,0.99589,0.3831,0.96744,0.3744,0.92018,2
11.521,0.41389,0.41818,0.79386,0.15028,0.47476,0.61725,0.9288,5.4264,0.37878,0.37979,0.76384,1
0.51578,0.65578,0.29646,0.88748,1.1014,0.64957,0.26525,0.84214,3.5725,0.64929,0.25162,0.77077,2
3.1528,0.70584,0.32138,0.85893,0.076118,0.52197,0.78143,0.96348,4.5441,0.64213,0.28705,0.78016,2
0.23643,0.44061,0.63267,0.93357,1.8809,0.52028,0.49856,0.84177,1.1726,0.52208,0.56205,0.87439,2
1.7235,0.51268,0.46158,0.912,2.8484,0.67454,0.40022,0.84602,2.7313,0.74804,0.38734,0.83715,2
2.9841,0.77978,0.42416,0.9148,0.098039,0.44359,0.87072,0.97297,2.4658,0.76121,0.36559,0.83682,2
1.8775,0.76744,0.49464,0.90032,1.2505,0.54765,0.63964,0.89505,1.4901,0.80236,0.43143,0.86583,1
1.292,0.93858,0.53764,0.97518,0.11457,0.28421,0.87947,0.97483,0.77426,0.9402,0.47773,0.90235,1
0.53182,0.67731,0.42345,0.90547,1.3607,0.50384,0.36839,0.82594,2.3638,0.66706,0.35121,0.78784,1
0.20708,0.45475,0.55761,0.91164,1.4372,0.38448,0.5475,0.86868,2.8779,0.45443,0.53844,0.84978,2
0.23609,0.49722,0.48571,0.91478,2.6277,0.47167,0.41257,0.82663,3.6945,0.56931,0.43823,0.82426,2
0.6437,0.95277,0.36749,0.94427,1.8864,0.4853,0.73662,0.91501,0.79225,0.92946,0.36123,0.88483,2
2.1452,0.74344,0.39617,0.89619,1.582,0.61526,0.61486,0.89119,3.0145,0.69636,0.38611,0.83183,2
2.3051,0.56881,0.369,0.86148,0.74055,0.52279,0.40652,0.85918,3.6807,0.53934,0.30178,0.77066,1
0.45622,0.55758,0.52275,0.90839,0.83502,0.56046,0.51694,0.87793,1.8912,0.58899,0.54737,0.86434,2
3.4661,0.75138,0.35647,0.86651,1.3928,0.52696,0.34423,0.85706,3.5705,0.69418,0.30341,0.80384,1
1.1138,0.86026,0.49155,0.93145,2.3133,0.48094,0.74537,0.92362,1.7225,0.80057,0.4704,0.88492,2
1.6051,0.81984,0.29591,0.90028,0.32678,0.61825,0.5874,0.9222,3.7113,0.70546,0.26294,0.80513,2
1.1754,0.74432,0.46797,0.88675,0.3095,0.49093,0.55785,0.9072,6.8724,0.61035,0.4867,0.8598,1
0.24226,0.4535,0.41701,0.8831,2.3214,0.29716,0.35033,0.78917,4.9925,0.47532,0.29374,0.73559,2
0.43885,0.67394,0.3712,0.89254,0.92796,0.5896,0.36001,0.85184,2.6498,0.63372,0.30801,0.81139,2
2.3181,0.75779,0.37939,0.86904,0.45434,0.25995,0.67435,0.90943,3.7415,0.65787,0.36358,0.80648,2
2.7941,0.80019,0.47907,0.90125,0.2898,0.37305,0.66715,0.92642,3.264,0.68339,0.43842,0.85559,1
0.3651,0.67067,0.37749,0.8966,1.2085,0.54044,0.32496,0.82787,3.2989,0.60617,0.29536,0.78545,2
0.11688,0.74294,0.46485,0.94745,1.3103,0.73562,0.37843,0.86284,2.4083,0.80081,0.38737,0.85612,2
4.1203,0.72294,0.36553,0.86385,0.4443,0.45398,0.38113,0.87879,3.5467,0.56285,0.32659,0.77728,1
1.3871,0.91612,0.25227,0.91335,0.23827,0.59942,0.49286,0.92072,2.0265,0.80537,0.1833,0.81556,1
0.61947,0.95643,0.34386,0.95929,0.35386,0.68789,0.74769,0.95548,1.343,0.89994,0.35475,0.89259,2
0.33569,0.69423,0.57042,0.93295,0.71771,0.58019,0.42103,0.89415,2.089,0.75378,0.40755,0.86285,1
0.82489,0.67353,0.38903,0.8806,1.6623,0.48728,0.39712,0.84203,3.806,0.53485,0.36053,0.78116,2
1.4574,0.64379,0.34093,0.899,1.6465,0.6647,0.27038,0.83931,3.9473,0.72131,0.28266,0.8043,2
0.32341,0.47825,0.47883,0.90191,2.5236,0.38736,0.30777,0.7865,3.2581,0.56488,0.33189,0.7743,2
2.0093,0.71084,0.29073,0.89034,0.98145,0.6921,0.38778,0.87286,3.3659,0.69755,0.26686,0.7855,2
0.57953,0.85705,0.37412,0.91163,0.74252,0.57145,0.37001,0.86022,2.8807,0.6985,0.25077,0.79246,2
0.37036,0.57832,0.50411,0.90854,1.0881,0.54789,0.47474,0.85763,1.5091,0.62094,0.49861,0.85929,2
1.2452,0.84668,0.3575,0.90766,0.1474,0.56852,0.58184,0.93902,3.5449,0.73333,0.31331,0.82112,2
1.1079,0.84291,0.38578,0.89906,0.55695,0.64298,0.49699,0.89079,5.2634,0.74009,0.40594,0.86567,1
0.72528,0.93023,0.32841,0.90378,0.81512,0.41889,0.60262,0.8872,0.92397,0.89035,0.3001,0.86942,2
1.5486,0.7835,0.3827,0.84264,2.1883,0.33592,0.45012,0.81965,2.8701,0.54484,0.33987,0.77628,1
0.49945,0.78263,0.82213,0.9725,0.11118,0.45924,0.86603,0.9707,1.3808,0.69211,0.74411,0.93546,2
0.70585,0.95663,0.48169,0.97683,0.10473,0.58911,0.94888,0.98866,0.48908,0.95232,0.47048,0.91679,2
1.1618,0.8706,0.56279,0.93599,1.7759,0.38082,0.67648,0.89231,2.5684,0.71282,0.4997,0.8668,2
0.13482,0.53555,0.77434,0.96555,2.8489,0.51556,0.3228,0.8037,3.1116,0.63008,0.32271,0.79757,2
0.21587,0.52241,0.4262,0.90645,2.4102,0.51079,0.32797,0.80447,4.1165,0.57316,0.32304,0.77989,2
0.22198,0.98021,0.52617,0.98751,0.09761,0.78615,0.81146,0.96667,0.51127,0.95711,0.44981,0.89893,2
0.90211,0.4228,0.82765,0.94817,0.089859,0.54308,0.73679,0.95839,2.1914,0.80064,0.34024,0.86313,1
1.3388,0.8248,0.69045,0.96272,0.0054841,0.35442,0.9905,0.99789,1.1452,0.84999,0.68862,0.94767,2
0.21993,0.29647,0.53683,0.89416,2.0119,0.27633,0.48523,0.82324,3.8784,0.43333,0.4198,0.79195,2
0.078784,0.70004,0.66477,0.96061,2.1504,0.61816,0.58641,0.89095,1.7164,0.70961,0.60229,0.90037,2
0.5506,0.82296,0.51166,0.94824,1.1513,0.66376,0.27395,0.83942,2.6318,0.74531,0.19836,0.78667,2
0.64455,0.62427,0.38091,0.89434,1.3669,0.63056,0.33148,0.81796,1.8426,0.63608,0.28415,0.79699,1
2.2676,0.86313,0.59141,0.95715,0.0012868,0.31096,0.99712,0.9994,1.4004,0.84768,0.58517,0.93821,1
0.10437,0.73016,0.52374,0.94881,1.5399,0.73116,0.47049,0.87204,1.5481,0.76609,0.50149,0.88497,2
0.71127,0.6512,0.42695,0.92117,1.0772,0.63143,0.40079,0.87045,1.5333,0.77466,0.41195,0.86562,2
0.45014,0.96666,0.37962,0.96114,0.43295,0.57362,0.74678,0.94139,0.89775,0.92299,0.30626,0.87083,2
0.18284,0.55222,0.60795,0.93518,0.6011,0.52623,0.50712,0.88372,2.7226,0.60296,0.49034,0.84029,2
3.8076,0.67388,0.68961,0.93174,0.43018,0.73993,0.38923,0.88476,2.2335,0.70818,0.35956,0.82396,1
1.1657,0.89137,0.55671,0.96241,0.019623,0.51063,0.96761,0.99354,0.88215,0.90204,0.54537,0.93387,2
0.31481,0.66353,0.50026,0.92811,1.1571,0.71611,0.46662,0.86574,1.2183,0.72437,0.51126,0.8787,2
3.0439,0.85255,0.46735,0.94117,0.016069,0.75615,0.93809,0.99355,1.296,0.843,0.42527,0.89105,1
2.5162,0.34585,0.375,0.84136,2.7191,0.48857,0.33011,0.76956,1.6553,0.49735,0.3573,0.80435,1
0.67777,0.97184,0.46439,0.97886,0.091008,0.56979,0.84646,0.97718,0.58079,0.96119,0.29904,0.88946,1
1.2954,0.72579,0.37716,0.89833,0.62963,0.76352,0.37037,0.88265,1.4186,0.74746,0.36448,0.86072,2
4.2136,0.66526,0.32943,0.82564,0.48575,0.63248,0.36136,0.85083,6.6531,0.36114,0.19128,0.67846,1
0.76106,0.92911,0.33147,0.90092,0.63496,0.31517,0.62566,0.89227,2.7629,0.75809,0.26777,0.8254,2
3.4703,0.70178,0.62381,0.91863,0.22979,0.12619,0.89179,0.9759,2.8007,0.6456,0.57587,0.89013,1
0.56425,0.94559,0.38974,0.95214,0.3479,0.54777,0.57678,0.91535,2.2027,0.83372,0.3167,0.85705,2
6.7028,0.68083,0.42125,0.87034,0.11782,0.33984,0.71979,0.94154,3.4595,0.67005,0.3526,0.80786,1
0.37938,0.493,0.41066,0.88833,1.2949,0.477,0.35729,0.83185,2.8455,0.59708,0.31946,0.78647,2
3.5578,0.45014,0.35292,0.81877,0.40643,0.37844,0.58838,0.89536,6.4972,0.42298,0.34731,0.74691,2
0.58718,0.97564,0.48188,0.98688,0.047212,0.52978,0.8555,0.97648,0.4405,0.96244,0.37218,0.92771,1
0.144,0.68625,0.56334,0.94258,0.60904,0.64366,0.44155,0.88704,2.3031,0.70332,0.43796,0.84782,2
0.10866,0.70594,0.5369,0.94613,0.836,0.60503,0.42063,0.87653,3.0917,0.70348,0.40052,0.84087,2
1.5947,0.84331,0.42729,0.93532,0.062117,0.70721,0.73018,0.969,2.1264,0.84378,0.40331,0.90965,2
0.70479,0.94422,0.31073,0.92639,1.8716,0.46098,0.55729,0.86395,1.5342,0.85674,0.26966,0.835,2
0.60524,0.49213,0.49327,0.88588,0.56415,0.45099,0.47246,0.87121,3.4583,0.52382,0.47015,0.82964,2
2.2298,0.84293,0.38714,0.87868,2.9264,0.3995,0.65454,0.87482,2.1529,0.79226,0.36836,0.83269,1
0.69923,0.71275,0.4572,0.91589,2.397,0.51353,0.32689,0.79446,4.7646,0.55233,0.28888,0.7547,2
2.2347,0.8678,0.33704,0.88521,0.93451,0.44112,0.53745,0.87751,2.4061,0.77653,0.30198,0.82326,1
0.51137,0.48074,0.60178,0.90675,1.5435,0.45358,0.57943,0.86721,2.1755,0.49585,0.55091,0.85277,1
0.93392,0.47906,0.43213,0.86563,2.6452,0.47339,0.39266,0.7894,1.344,0.52282,0.40611,0.82195,1
0.063388,0.57915,0.81048,0.97277,0.41437,0.63644,0.55856,0.91407,2.3539,0.65558,0.57397,0.88045,2
1.9473,0.71612,0.53681,0.9089,0.16108,0.39256,0.68655,0.94279,2.7943,0.58799,0.47631,0.85931,1
1.5915,0.8754,0.48415,0.89994,2.5646,0.30975,0.60642,0.88149,1.4432,0.79738,0.47344,0.87829,1
1.7936,0.65795,0.71112,0.93544,0.057889,0.83186,0.94995,0.99108,2.3046,0.62663,0.72526,0.92795,2
0.93413,0.92378,0.51369,0.95624,0.46437,0.40579,0.62097,0.9085,2.7438,0.7683,0.33388,0.82508,2
0.3633,0.9715,0.47505,0.98389,0.0094669,0.37016,0.98852,0.99732,0.37397,0.96877,0.38372,0.92604,2
1.414,0.9281,0.53778,0.96616,0.063664,0.47243,0.8308,0.9703,0.91855,0.91657,0.48663,0.93107,1
0.11348,0.74548,0.52822,0.96182,2.4069,0.67683,0.24103,0.77982,1.6324,0.80633,0.26346,0.80454,2
0.32681,0.72015,0.3929,0.90998,0.55355,0.63701,0.36755,0.87115,3.6386,0.65571,0.34291,0.8082,2
1.0399,0.82804,0.47673,0.92185,0.62661,0.5354,0.49802,0.88509,2.4722,0.67674,0.39163,0.83055,2
2.2589,0.87122,0.29745,0.88074,0.5364,0.46007,0.51946,0.88128,2.9868,0.71153,0.2389,0.78717,1
0.35976,0.97003,0.51782,0.98627,0.01659,0.45856,0.97761,0.99552,0.43366,0.95974,0.46746,0.91472,2
0.3458,0.68234,0.39163,0.9068,0.55257,0.62663,0.36168,0.86999,4.069,0.65442,0.28045,0.78955,2
0.29203,0.80786,0.49184,0.94461,1.2139,0.84856,0.44666,0.85619,0.95974,0.76107,0.45298,0.87745,1
1.0822,0.82989,0.32057,0.91435,1.1729,0.71894,0.40285,0.87405,3.6163,0.74399,0.25605,0.79814,2
0.8099,0.92224,0.28668,0.89065,0.7493,0.39589,0.55598,0.87929,2.8152,0.75084,0.22761,0.80935,2
0.51895,0.96117,0.32286,0.94016,1.935,0.44907,0.71455,0.90803,1.0662,0.91833,0.29941,0.87431,2
0.69161,0.49952,0.49223,0.88112,1.1031,0.48308,0.46652,0.84482,1.9125,0.55529,0.42972,0.82474,1
0.36054,0.67283,0.4109,0.90067,0.98745,0.57181,0.37046,0.84557,2.9932,0.57964,0.34658,0.80017,2
2.9701,0.82166,0.29375,0.83869,1.4453,0.28127,0.44855,0.83631,4.3737,0.60612,0.25252,0.77348,1
1.0018,0.56447,0.44011,0.91269,0.6108,0.63567,0.39078,0.88196,2.916,0.66677,0.34878,0.81433,2
0.14861,0.53334,0.5773,0.93227,3.8724,0.49617,0.46309,0.82322,2.2593,0.60855,0.50202,0.85423,2
0.40426,0.6088,0.40787,0.89104,0.69586,0.46899,0.40653,0.8523,4.6225,0.55503,0.39714,0.78829,2
0.51077,0.95932,0.48282,0.98022,0.032445,0.44372,0.98411,0.99595,0.51438,0.95805,0.40912,0.91641,2
1.2223,0.74591,0.38032,0.86412,0.93732,0.46793,0.59266,0.88738,7.3881,0.62208,0.40012,0.83331,1
0.74023,0.9428,0.39296,0.93972,1.4938,0.23522,0.75494,0.91697,0.98943,0.91215,0.37326,0.86848,2
1.8024,0.764,0.28161,0.88134,1.3945,0.58947,0.2996,0.83165,4.4267,0.59395,0.18057,0.74514,2
0.7206,0.96226,0.56103,0.98284,0.0046722,0.49345,0.99419,0.99872,0.38692,0.95768,0.53046,0.95711,2
3.1688,0.77879,0.62239,0.93829,0.090043,0.80485,0.5173,0.96135,1.4051,0.85503,0.48193,0.91614,1
2.6189,0.61304,0.42237,0.86804,0.6044,0.47798,0.40174,0.86509,3.0833,0.55531,0.38112,0.80808,1
4.5309,0.53453,0.32754,0.86931,0.94032,0.56082,0.29766,0.84558,3.5534,0.65642,0.26134,0.75096,1
1.3475,0.86075,0.4353,0.91646,0.11299,0.52533,0.7076,0.95008,3.0504,0.7371,0.38682,0.84281,2
2.6076,0.77648,0.35708,0.8823,0.53963,0.52232,0.45794,0.87897,3.2366,0.66124,0.3275,0.81171,1
1.1429,0.89407,0.5446,0.96008,0.010738,0.59692,0.97924,0.99657,1.1075,0.90681,0.52756,0.93578,2
1.4325,0.83941,0.3936,0.90972,0.10187,0.50474,0.72218,0.95149,2.5835,0.73644,0.37818,0.84705,2
2.2577,0.8322,0.48842,0.91972,0.60882,0.51686,0.65711,0.91467,2.9244,0.7399,0.33791,0.83653,2
0.43859,0.57721,0.44121,0.89319,0.54317,0.40617,0.42491,0.87651,3.1078,0.58483,0.4048,0.80318,2
2.1641,0.73652,0.40661,0.88268,0.36991,0.4959,0.6756,0.92207,3.5889,0.61868,0.40356,0.81348,2
0.36803,0.97054,0.47556,0.98071,0.013251,0.39929,0.98082,0.99577,0.43733,0.96299,0.39286,0.90573,2
0.18036,0.6234,0.45039,0.92125,1.1785,0.54911,0.36748,0.83901,3.3464,0.66626,0.31728,0.79865,2
1.0297,0.94954,0.55939,0.98025,0.12007,0.46868,0.80682,0.97343,0.38896,0.95719,0.51706,0.9401,1
2.8549,0.60782,0.29434,0.84754,1.2306,0.51459,0.38558,0.839,6.1623,0.48974,0.18671,0.7046,2
0.54148,0.95929,0.45307,0.97851,0.037377,0.64509,0.95477,0.9917,0.48885,0.96444,0.3902,0.90767,2
0.76927,0.82283,0.58487,0.93651,1.2016,0.50159,0.55379,0.88231,3.391,0.60284,0.46108,0.83776,2
0.27482,0.82775,0.48347,0.94695,0.93631,0.70367,0.42183,0.87271,1.1801,0.79267,0.41245,0.85444,1
0.07935,0.92384,0.3986,0.96697,0.88839,0.80142,0.31917,0.87998,0.67338,0.91694,0.34095,0.87516,2
0.83309,0.88775,0.34465,0.91591,1.2926,0.57197,0.49758,0.86792,2.7024,0.76081,0.31152,0.81677,2
0.80173,0.77382,0.46715,0.91757,0.47394,0.55908,0.48769,0.89161,2.6393,0.67719,0.41273,0.83236,2
0.92123,0.85567,0.41041,0.93644,1.7965,0.62014,0.27973,0.82203,3.4634,0.74197,0.18671,0.7783,2
0.38487,0.96903,0.49099,0.98477,0.063802,0.60565,0.83994,0.97727,0.35797,0.96981,0.40228,0.92144,2
2.0253,0.65965,0.24497,0.85806,0.66233,0.65128,0.37401,0.85896,3.7568,0.6186,0.24384,0.76322,2
3.6906,0.76544,0.3514,0.86371,1.4995,0.39362,0.5704,0.86699,2.5431,0.67145,0.33742,0.79545,1
0.68002,0.96783,0.48688,0.97646,0.12773,0.46536,0.84942,0.96709,1.0038,0.89941,0.35702,0.87674,2
0.69632,0.3347,0.56163,0.87909,2.0597,0.33095,0.55507,0.84614,2.5159,0.45716,0.51973,0.83435,1
0.35558,0.79,0.44227,0.93446,0.83347,0.6177,0.38927,0.87516,2.4352,0.78106,0.34719,0.81124,1
3.3503,0.5768,0.35531,0.83595,0.52365,0.59684,0.41783,0.87665,2.9844,0.66986,0.18215,0.76862,1
0.70506,0.93894,0.29764,0.90863,0.44116,0.36717,0.54614,0.8831,4.0704,0.6698,0.2536,0.78644,2
0.54268,0.96556,0.42685,0.97905,0.021109,0.47629,0.97467,0.99484,0.57676,0.95827,0.3997,0.89424,2
2.1777,0.894,0.53504,0.96041,0.0056985,0.57556,0.98636,0.99755,0.85699,0.88789,0.488,0.92304,1
1.6626,0.83336,0.65514,0.95236,0.020941,0.67474,0.96786,0.99464,0.97131,0.81318,0.66104,0.93119,2
0.92923,0.95731,0.442,0.96275,0.15648,0.3592,0.80391,0.96039,1.2975,0.91215,0.37738,0.90586,1
3.2948,0.82662,0.54809,0.94071,0.083824,0.66351,0.68088,0.95911,1.2862,0.83198,0.51028,0.91022,1
0.26811,0.62262,0.43909,0.91311,1.1633,0.61668,0.37821,0.85069,3.9463,0.6309,0.37409,0.81244,2
2.2495,0.81061,0.71044,0.95882,0.44323,0.73985,0.35758,0.89204,1.278,0.8411,0.32141,0.82821,1
0.84835,0.73843,0.34506,0.89378,0.57543,0.58913,0.34256,0.86959,1.6544,0.74291,0.30534,0.82487,2
0.70124,0.95274,0.36344,0.9464,0.44516,0.62288,0.72043,0.93891,1.7487,0.86904,0.34381,0.87613,2
1.1438,0.90184,0.4288,0.93674,1.1543,0.493,0.79189,0.937,1.3945,0.85337,0.41911,0.88137,2
0.74288,0.96617,0.53014,0.98486,0.010202,0.47178,0.98363,0.99631,0.6252,0.94512,0.44061,0.90406,2
0.38793,0.62555,0.40091,0.9052,1.517,0.66152,0.37204,0.8331,2.401,0.61343,0.38958,0.82867,2
0.15593,0.51751,0.55355,0.92454,2.1693,0.53129,0.53606,0.8657,2.5639,0.59104,0.54553,0.87236,2
0.94536,0.37739,0.50714,0.87271,1.3997,0.40133,0.48327,0.83546,2.0864,0.4535,0.49464,0.83526,1
3.4993,0.71781,0.34047,0.85363,0.41711,0.40176,0.46953,0.87582,4.1273,0.58008,0.29687,0.77049,1
0.5669,0.88524,0.70575,0.96847,0.50388,0.57976,0.62446,0.91948,2.6078,0.72673,0.48388,0.8683,2
2.1832,0.88646,0.56434,0.96071,0.11164,0.81374,0.66983,0.954,1.0354,0.87251,0.52082,0.90706,1
3.7005,0.79489,0.37736,0.88303,0.11607,0.35863,0.71644,0.94197,2.827,0.74298,0.27767,0.83052,1
0.38673,0.80233,0.43357,0.94206,1.0736,0.59187,0.34109,0.84373,1.641,0.77113,0.31181,0.79863,1
0.2532,0.79391,0.44738,0.93509,0.24154,0.59514,0.58184,0.92177,3.51,0.82214,0.44455,0.89284,1
1.4011,0.92175,0.36203,0.92479,0.10435,0.57913,0.69788,0.95318,2.0471,0.80822,0.31668,0.85676,1
2.9854,0.69423,0.30938,0.80725,3.1033,0.29969,0.42767,0.79715,3.9653,0.50569,0.26541,0.7269,1
0.61657,0.97403,0.49961,0.98784,0.14063,0.61232,0.63285,0.95327,0.75326,0.92715,0.35364,0.84734,1
3.6626,0.8082,0.54111,0.93459,0.04424,0.49436,0.87022,0.97788,2.3836,0.798,0.49933,0.89292,1
0.42993,0.58204,0.58664,0.92486,0.40882,0.5799,0.55136,0.90563,2.0035,0.68549,0.5247,0.86707,2
0.22883,0.53907,0.50921,0.91631,2.6317,0.49203,0.37594,0.79601,1.781,0.63216,0.42457,0.82995,2
4.365,0.38471,0.47557,0.86144,0.46952,0.69065,0.29189,0.85764,3.4438,0.56003,0.2281,0.76906,1
0.7358,0.68232,0.48533,0.9245,0.72184,0.59696,0.39331,0.86775,1.1111,0.72138,0.42606,0.86424,2
0.58045,0.69284,0.45728,0.90299,0.071017,0.25136,0.83916,0.96449,5.5729,0.71757,0.48286,0.89329,1
0.50496,0.96516,0.38509,0.97117,0.10438,0.56308,0.85625,0.9742,0.73419,0.93987,0.33506,0.90053,2
2.9556,0.72793,0.30731,0.80955,1.7649,0.29943,0.37324,0.78541,3.3909,0.52509,0.27917,0.73483,1
2.4444,0.53877,0.38893,0.84028,2.3331,0.40026,0.52734,0.84023,2.7291,0.45181,0.4032,0.7953,2
1.486,0.73626,0.42513,0.8952,1.826,0.37942,0.4313,0.85037,5.0674,0.60928,0.2965,0.77489,2
0.50668,0.58652,0.40924,0.88748,0.67325,0.57704,0.41277,0.86176,7.1866,0.61778,0.4082,0.82203,1
0.18401,0.6343,0.53298,0.95868,2.2879,0.58459,0.3366,0.81759,2.2437,0.77913,0.34795,0.82225,2
2.7415,0.81561,0.32541,0.86713,1.3617,0.48192,0.46202,0.84824,2.5205,0.71054,0.29449,0.80213,1
0.40074,0.67423,0.56291,0.92837,0.61941,0.58474,0.54305,0.90447,3.2161,0.67426,0.5113,0.86305,1
0.78482,0.87042,0.35186,0.90205,0.98909,0.64499,0.49068,0.86844,2.2182,0.78073,0.32617,0.82573,2
1.7955,0.8408,0.50466,0.94005,0.038051,0.42543,0.9779,0.99452,1.42,0.84659,0.48194,0.8967,2
0.12727,0.5561,0.61822,0.93944,0.88212,0.48902,0.58295,0.88896,3.4471,0.70857,0.42103,0.84965,2
0.48871,0.96566,0.44499,0.97558,0.018536,0.41884,0.9681,0.99321,0.65303,0.95332,0.41396,0.92917,2
1.6404,0.81289,0.28249,0.87883,0.16933,0.55209,0.51511,0.91895,2.6318,0.73872,0.24588,0.82826,2
3.7619,0.74572,0.28142,0.87532,0.62644,0.59269,0.37504,0.8683,3.2544,0.67201,0.22464,0.76096,1
6.2641,0.5878,0.3643,0.81061,1.9202,0.26579,0.50231,0.84584,3.2048,0.50721,0.34864,0.7742,1
2.1387,0.77313,0.38792,0.9037,0.5693,0.78392,0.42136,0.88383,1.628,0.72496,0.36917,0.84471,1
2.9252,0.78885,0.27618,0.85861,1.6868,0.56163,0.35607,0.81001,3.6164,0.66202,0.23324,0.74729,1
1.6055,0.91878,0.2993,0.89145,0.86242,0.4456,0.5368,0.87243,1.5191,0.83382,0.23169,0.81958,1
5.9525,0.53319,0.48367,0.83652,1.2968,0.10053,0.57415,0.87162,2.8308,0.46238,0.47964,0.81425,1
0.7884,0.87192,0.24021,0.89315,0.96569,0.69146,0.34452,0.84959,2.369,0.77218,0.21222,0.79409,2
0.111,0.7141,0.55368,0.94675,0.6553,0.60618,0.46312,0.89155,2.7332,0.70771,0.41247,0.84134,2
0.39225,0.68176,0.51579,0.92281,0.90268,0.57152,0.40441,0.87228,2.2824,0.70847,0.39354,0.84155,1
0.4564,0.65487,0.45874,0.90515,1.5606,0.5988,0.42727,0.84247,1.845,0.61704,0.42464,0.84031,1
0.93914,0.90758,0.32476,0.93686,1.012,0.72183,0.41773,0.89263,2.4154,0.8089,0.2473,0.83207,2
0.71633,0.96474,0.5089,0.97197,0.045941,0.37741,0.89573,0.97894,1.0741,0.90653,0.37995,0.90981,2
0.38303,0.72544,0.46755,0.92507,1.0093,0.60265,0.319,0.86398,2.1571,0.75359,0.30317,0.82582,1
0.12469,0.87117,0.47332,0.95655,0.7574,0.68905,0.34169,0.878,2.2263,0.80746,0.34637,0.84067,2
1.6591,0.78587,0.24054,0.87399,0.68491,0.5625,0.24212,0.86321,1.615,0.79466,0.20926,0.82388,2
4.8047,0.70343,0.55715,0.90915,0.030913,0.19284,0.9338,0.98499,2.781,0.71647,0.49206,0.86728,1
0.22528,0.49777,0.46807,0.91476,2.6604,0.51935,0.39616,0.81051,2.3805,0.6228,0.402,0.81568,2
1.0663,0.94782,0.53214,0.97343,0.14566,0.30918,0.78315,0.9542,0.61751,0.94102,0.45988,0.89226,1
1.6247,0.87569,0.33882,0.90184,0.4813,0.5137,0.44165,0.88615,3.6156,0.70193,0.29732,0.80512,1
0.77374,0.68759,0.42548,0.93609,0.81008,0.7156,0.33336,0.87188,2.5854,0.74776,0.27824,0.81001,2
3.9938,0.74883,0.4374,0.88031,2.8387,0.43609,0.71512,0.90228,1.9478,0.74049,0.45396,0.8477,1
0.75578,0.86549,0.36188,0.91819,0.72243,0.59738,0.4493,0.88438,3.4372,0.72352,0.31289,0.82037,2
0.20516,0.51645,0.45442,0.90942,2.1456,0.66094,0.3848,0.82099,3.1485,0.43686,0.47435,0.83559,2
1.09,0.34167,0.48199,0.86279,2.9028,0.44838,0.45027,0.8141,2.4045,0.44141,0.45022,0.82328,1
0.93712,0.83403,0.39362,0.92904,0.4293,0.65698,0.47308,0.90449,3.3931,0.73645,0.32684,0.82049,2
0.41284,0.74472,0.46494,0.92534,0.84629,0.61602,0.41449,0.86602,2.0517,0.71837,0.38838,0.83012,1
3.4507,0.78013,0.44254,0.90045,0.22031,0.47438,0.77714,0.95181,4.1987,0.69394,0.40059,0.84948,1
0.4087,0.96082,0.57266,0.98434,0.073637,0.53585,0.87116,0.97788,0.30846,0.96926,0.53421,0.94656,2
1.5595,0.74932,0.45877,0.91585,0.34966,0.5373,0.55853,0.91333,3.234,0.69812,0.38895,0.82338,2
0.44985,0.96595,0.44319,0.97976,0.042953,0.65216,0.95264,0.99089,0.47105,0.9604,0.34015,0.89796,2
0.66801,0.95539,0.58119,0.97264,0.77105,0.45112,0.93124,0.97714,0.46642,0.94893,0.57468,0.94324,2
0.23505,0.57049,0.46058,0.91742,1.1824,0.59576,0.36904,0.84859,3.4625,0.56923,0.34258,0.8044,2
0.15769,0.78832,0.46972,0.93841,0.60766,0.59889,0.41249,0.8789,2.8136,0.7184,0.39828,0.82322,2
1.6504,0.59629,0.60956,0.90443,0.75784,0.51525,0.54084,0.88561,4.8835,0.46114,0.27277,0.74063,1
0.42848,0.45705,0.45646,0.8788,0.94954,0.36058,0.39486,0.83071,4.1388,0.44508,0.40221,0.78384,2
0.24605,0.77329,0.37945,0.92869,0.78263,0.66612,0.34057,0.86754,1.7911,0.78181,0.33753,0.8327,2
0.39311,0.74033,0.34901,0.91415,0.80656,0.7109,0.29444,0.84496,1.9616,0.72888,0.28206,0.81178,2
1.6295,0.73337,0.33684,0.87441,1.8009,0.53717,0.48574,0.85462,5.1426,0.53879,0.31674,0.78095,2
0.33065,0.96967,0.44644,0.96708,0.12713,0.69381,0.74221,0.95061,1.4314,0.89254,0.37187,0.86565,2
0.55165,0.95714,0.37283,0.94022,0.36448,0.46765,0.64457,0.91826,1.7904,0.82466,0.29342,0.8334,2
2.0177,0.73627,0.7515,0.95781,0.022426,0.40023,0.95572,0.9912,1.3344,0.73104,0.71393,0.94278,1
1.2273,0.79574,0.58069,0.93663,0.18869,0.49627,0.79881,0.95864,2.4544,0.7349,0.59354,0.90755,2
3.828,0.69846,0.40926,0.86777,2.6323,0.54515,0.66152,0.88796,3.1487,0.65137,0.39699,0.82012,1
1.583,0.74612,0.33012,0.90259,1.2643,0.59727,0.27376,0.82319,3.269,0.67028,0.18625,0.74815,2
3.5563,0.72214,0.2269,0.79048,2.3163,0.36739,0.39456,0.79966,5.56,0.55458,0.17816,0.69873,1
0.49429,0.58211,0.54932,0.91141,1.5251,0.61753,0.52456,0.86472,2.6685,0.60849,0.50076,0.85323,1
4.6701,0.54669,0.54041,0.87209,1.546,0.3463,0.77636,0.92303,3.0985,0.50298,0.52969,0.84856,1
3.2099,0.79909,0.51551,0.92333,0.15732,0.49311,0.66563,0.94895,2.3214,0.77937,0.47687,0.86251,1
2.2613,0.65548,0.3343,0.88459,2.024,0.69038,0.37358,0.85624,3.754,0.68895,0.27865,0.79871,2
0.19409,0.62984,0.59595,0.95281,1.5787,0.60873,0.43406,0.86154,2.7629,0.71798,0.4495,0.85813,2
0.35343,0.78882,0.45215,0.93453,0.7822,0.66334,0.38405,0.87153,1.8572,0.75096,0.37765,0.83988,1
1.2047,0.49168,0.44402,0.89227,2.715,0.52119,0.40623,0.82778,3.4682,0.56734,0.39825,0.81277,2
10.063,0.53976,0.37143,0.817,0.17278,0.61679,0.61173,0.94022,4.5201,0.49408,0.33997,0.77033,1
0.34127,0.97253,0.48368,0.98465,0.039154,0.37634,0.93613,0.9855,0.5135,0.95833,0.36031,0.88181,2
0.60656,0.97489,0.49173,0.98823,0.05671,0.41088,0.85544,0.97205,0.63122,0.95776,0.33896,0.87424,1
1.6417,0.49247,0.63027,0.89865,0.40754,0.47689,0.5428,0.89318,2.0287,0.71228,0.22494,0.79369,1
0.19923,0.81755,0.3278,0.93957,0.98894,0.79035,0.24244,0.85302,1.3118,0.82557,0.27931,0.84718,2
9.7066,0.51895,0.32531,0.79128,0.34839,0.32893,0.46436,0.87803,5.1433,0.47447,0.27096,0.7218,1
1.1265,0.83714,0.59417,0.94023,0.21604,0.44452,0.80392,0.95383,2.3617,0.73967,0.53894,0.89063,2
0.99727,0.94786,0.55791,0.97417,0.16446,0.43859,0.70677,0.94745,0.61736,0.92702,0.49517,0.89319,1
2.1509,0.89253,0.52626,0.95729,0.040334,0.13771,0.95852,0.9894,1.0422,0.89835,0.514,0.93634,1
0.61713,0.94688,0.51238,0.97957,0.0080423,0.18958,0.98225,0.996,0.59066,0.95721,0.43928,0.93563,2
1.1158,0.70118,0.45594,0.90112,0.14317,0.52083,0.58835,0.93023,3.6422,0.62861,0.43083,0.82217,2
0.4898,0.67072,0.34877,0.89081,0.71452,0.62816,0.33309,0.86224,3.265,0.62861,0.31737,0.80634,2
0.53018,0.63278,0.71371,0.95355,1.135,0.51765,0.41024,0.84309,2.8884,0.60199,0.42629,0.82013,2
0.99226,0.9541,0.49346,0.97142,0.10207,0.36648,0.82656,0.96769,0.43938,0.96033,0.43186,0.92953,1
0.78197,0.41002,0.4773,0.86385,1.8818,0.39051,0.45574,0.81529,2.2338,0.49989,0.42,0.80906,1
1.4388,0.85356,0.44734,0.93117,0.3566,0.40898,0.65218,0.91865,2.5332,0.73181,0.40305,0.83201,2
1.2601,0.81987,0.29041,0.89435,0.93735,0.6616,0.47368,0.87643,3.0013,0.74306,0.26311,0.82411,2
0.55473,0.5512,0.34743,0.87362,1.4651,0.57207,0.32315,0.80507,2.754,0.50545,0.33457,0.79484,2
3.2746,0.83841,0.5219,0.94079,0.1788,0.37909,0.78662,0.96544,1.6135,0.82538,0.47076,0.88166,1
0.24972,0.5494,0.48325,0.91022,1.3561,0.50475,0.36722,0.8315,3.3038,0.54797,0.34793,0.78911,2
1.7229,0.90939,0.54616,0.96539,0.035248,0.47675,0.89944,0.98254,0.72149,0.89739,0.51483,0.91958,1
0.43612,0.67454,0.42591,0.91172,1.7147,0.64058,0.40374,0.83176,2.1086,0.65307,0.40722,0.83332,2
0.21823,0.51148,0.57974,0.92567,1.6913,0.43172,0.3866,0.80853,2.5184,0.52169,0.40209,0.80564,2
0.15613,0.74466,0.4093,0.93654,0.61448,0.65254,0.33603,0.87447,2.8441,0.75428,0.25377,0.79696,2
0.47338,0.60509,0.55451,0.91515,0.4896,0.50567,0.54534,0.8929,1.8519,0.64595,0.43362,0.84014,1
1.9093,0.66504,0.24653,0.91418,0.62267,0.80701,0.31676,0.88419,2.2078,0.75181,0.16252,0.76895,2
1.7594,0.5964,0.31792,0.8713,1.4528,0.50765,0.24426,0.81243,5.3042,0.57424,0.21028,0.7338,2
1.4403,0.52405,0.57553,0.89408,0.68176,0.53033,0.59157,0.90525,1.3779,0.51919,0.60504,0.88778,2
0.20898,0.67289,0.70364,0.9526,0.094271,0.6077,0.69576,0.95605,2.1608,0.64271,0.67828,0.91148,2
1.1311,0.57187,0.38477,0.87014,0.76207,0.61556,0.38954,0.85762,1.5861,0.60102,0.37053,0.82775,2
1.1725,0.82546,0.56325,0.93089,0.25504,0.48544,0.69053,0.93794,1.4672,0.70694,0.53837,0.89252,2
0.33915,0.84119,0.40117,0.94517,1.6112,0.64615,0.29372,0.8326,1.2425,0.83767,0.27006,0.80457,1
0.99375,0.95402,0.49273,0.97112,0.10366,0.36468,0.82598,0.96743,0.44413,0.9599,0.43126,0.92918,1
1.1546,0.91253,0.40866,0.93018,0.74919,0.59109,0.54026,0.89571,2.9187,0.76341,0.24584,0.81342,2
5.4332,0.5397,0.3611,0.82301,0.52333,0.40976,0.5577,0.88467,4.9923,0.4753,0.31788,0.75518,1
2.7235,0.7047,0.63148,0.92124,0.15627,0.54363,0.62979,0.94262,2.0198,0.63921,0.59549,0.89237,1
0.41258,0.77002,0.4231,0.92548,1.1046,0.63636,0.33931,0.84499,1.736,0.73597,0.3262,0.81335,1
4.0364,0.78028,0.24759,0.82613,1.9153,0.42013,0.40434,0.81181,2.9238,0.68023,0.18954,0.75504,1
1.1362,0.87743,0.33646,0.89745,1.3813,0.49157,0.46183,0.84281,2.5731,0.61904,0.29276,0.79319,2
3.8357,0.79844,0.32628,0.87229,0.32956,0.4199,0.69093,0.92556,4.5449,0.67632,0.25723,0.76129,1
4.865,0.74907,0.30699,0.86655,0.83686,0.5348,0.56438,0.89273,3.7771,0.6703,0.17845,0.77759,2
2.46,0.65544,0.41016,0.87223,0.82422,0.48497,0.44969,0.86827,2.9374,0.61538,0.40582,0.81755,1
3.461,0.8242,0.52988,0.93732,0.0077206,0.26838,0.98421,0.99667,1.3874,0.82176,0.4909,0.9036,1
0.84749,0.76742,0.49387,0.91634,0.047396,0.1722,0.89931,0.97653,4.5857,0.75423,0.52946,0.91551,1
1.776,0.84023,0.31108,0.90461,2.4052,0.63013,0.68572,0.91116,2.3141,0.78918,0.26918,0.82293,2
0.45723,0.9492,0.27738,0.9274,0.93217,0.75301,0.47374,0.87195,1.4665,0.85468,0.22915,0.81951,2
1.2722,0.93958,0.28317,0.86893,1.9416,0.29662,0.40848,0.83471,1.961,0.81173,0.18678,0.7904,1
0.51491,0.64295,0.48893,0.9081,1.348,0.63162,0.46374,0.866,3.0199,0.65407,0.42748,0.83433,1
0.37203,0.51698,0.41056,0.90147,1.8664,0.52084,0.358,0.806,1.8186,0.63902,0.38629,0.81625,2
2.9636,0.83302,0.35887,0.88845,0.10815,0.43177,0.71784,0.94672,2.8909,0.76221,0.26221,0.82932,1
0.42619,0.4748,0.46356,0.89211,1.3014,0.46323,0.40031,0.84035,3.2193,0.5406,0.38967,0.79944,2
0.11538,0.6329,0.61886,0.95065,1.611,0.58268,0.44787,0.85615,2.9113,0.66788,0.4585,0.85177,2
0.070787,0.6134,0.78169,0.97193,0.54847,0.61182,0.64089,0.92484,1.9611,0.71988,0.61979,0.89947,2
0.172,0.84173,0.40424,0.9444,0.94789,0.68282,0.34067,0.86304,1.2749,0.81293,0.36935,0.85295,2
0.24568,0.97877,0.51892,0.98707,0.029151,0.39408,0.93746,0.98708,0.44997,0.96358,0.43957,0.92425,2
3.9608,0.4594,0.2994,0.81927,2.3234,0.56554,0.36311,0.79478,3.7269,0.467,0.25755,0.74485,1
0.29732,0.7977,0.4494,0.95189,0.84182,0.71651,0.36861,0.88803,2.1086,0.83073,0.32794,0.84618,2
0.23082,0.76422,0.3797,0.934,0.73407,0.77076,0.34817,0.87759,1.9822,0.79595,0.3442,0.84567,2
0.49375,0.97942,0.47608,0.98881,0.12995,0.64144,0.55141,0.93897,0.64445,0.93752,0.32995,0.86215,1
0.65683,0.96572,0.47929,0.9787,0.22739,0.55799,0.77315,0.95283,1.4814,0.87292,0.33746,0.88666,2
6.4544,0.60885,0.38142,0.83903,0.24628,0.34409,0.69961,0.92786,4.8311,0.52383,0.34362,0.77861,1
0.31137,0.46382,0.65657,0.9292,1.7164,0.49304,0.65053,0.88919,0.92619,0.50628,0.6693,0.90584,2
3.2194,0.60455,0.28539,0.87822,1.3044,0.60493,0.23782,0.81289,2.3595,0.69403,0.18871,0.75673,1
0.89565,0.34349,0.54869,0.88215,1.7331,0.3739,0.5234,0.84263,1.5468,0.52571,0.50246,0.84467,1
2.408,0.88062,0.54066,0.95661,0.048238,0.57162,0.84149,0.97588,1.378,0.86346,0.48367,0.8879,1
1.4065,0.9156,0.3664,0.91105,0.41489,0.49805,0.63416,0.91512,3.4992,0.74887,0.29334,0.80876,1
0.46736,0.6747,0.30247,0.89374,2.6244,0.57131,0.29328,0.81967,3.3344,0.73437,0.25954,0.77177,2
0.61324,0.58125,0.30971,0.86569,1.6711,0.3614,0.27604,0.7944,3.5624,0.60038,0.27836,0.7563,2
0.076532,0.8107,0.55291,0.96871,0.7932,0.7575,0.38198,0.89604,2.1602,0.85129,0.3725,0.8645,2
4.6246,0.6932,0.20328,0.79808,1.4074,0.59997,0.38262,0.83035,5.0805,0.53945,0.135,0.69331,1
0.32946,0.78116,0.53411,0.93251,0.50395,0.59394,0.50893,0.90094,2.3625,0.70781,0.42432,0.85423,2
1.6591,0.81509,0.48048,0.91886,0.052007,0.41733,0.86441,0.97469,2.6702,0.77262,0.45943,0.88522,2
1.4995,0.90527,0.2677,0.91651,0.60581,0.57809,0.45779,0.89066,3.3751,0.76366,0.18314,0.75453,1
0.11567,0.73684,0.49762,0.95125,1.0678,0.77785,0.37985,0.85775,2.298,0.79413,0.393,0.847,2
0.81774,0.92692,0.21281,0.88164,1.025,0.48095,0.50593,0.86079,2.9189,0.75881,0.16321,0.7854,2
3.8553,0.67651,0.49308,0.8892,2.0586,0.60543,0.75508,0.92275,2.2176,0.66207,0.489,0.87671,1
1.114,0.76837,0.42303,0.88008,2.5201,0.56796,0.45266,0.82311,1.263,0.65393,0.4092,0.85203,1
2.4918,0.72483,0.33121,0.88399,0.35244,0.67821,0.49968,0.91135,4.3718,0.69153,0.26758,0.79638,2
1.5272,0.75008,0.51336,0.92089,0.34406,0.61358,0.65568,0.93437,2.8276,0.69064,0.48735,0.86694,2
0.61544,0.97439,0.49037,0.98754,0.0076287,0.52028,0.98697,0.99734,0.36046,0.96522,0.36684,0.94172,1
2.2727,0.63663,0.51765,0.90839,0.19141,0.66732,0.6104,0.94019,3.2694,0.68285,0.4283,0.84441,2
0.27736,0.58408,0.48268,0.91325,0.82325,0.55826,0.47922,0.88067,3.9754,0.59918,0.44317,0.83321,2
0.75106,0.94167,0.37549,0.93898,2.2252,0.37033,0.71112,0.90137,0.8587,0.92308,0.35512,0.868,2
3.6174,0.4933,0.47152,0.82914,0.79545,0.33278,0.547,0.86792,2.1496,0.46673,0.47595,0.82742,1
1.6783,0.6926,0.4362,0.88318,0.55936,0.51595,0.5039,0.88193,2.3384,0.60999,0.38447,0.8205,1
0.99441,0.74361,0.53534,0.90176,0.72767,0.40231,0.52365,0.87161,3.38,0.49137,0.45977,0.81513,2
0.18882,0.70447,0.45004,0.93214,0.40715,0.64481,0.5843,0.91703,5.2646,0.74625,0.4539,0.89209,1
1.2303,0.8361,0.64708,0.96207,0.17013,0.53741,0.78207,0.9598,1.4267,0.85576,0.58169,0.93129,2
1.1458,0.9067,0.4448,0.95856,0.13159,0.77606,0.67553,0.94768,1.5362,0.88208,0.3148,0.86704,2
3.7145,0.61937,0.38976,0.81594,0.88042,0.34323,0.49955,0.85517,3.3335,0.5303,0.38566,0.79341,1
2.102,0.81832,0.71894,0.96059,0.016085,0.41274,0.98254,0.99606,0.73214,0.84916,0.71162,0.95132,1
1.6364,0.84115,0.41829,0.92646,0.1491,0.79459,0.46806,0.9451,1.4801,0.85508,0.39679,0.90275,2
3.6631,0.73478,0.34455,0.84334,1.8085,0.36985,0.38057,0.82915,2.1452,0.69298,0.30759,0.80122,1
3.8596,0.64592,0.36743,0.81305,1.0267,0.35003,0.28277,0.79166,5.1958,0.36135,0.17227,0.6754,1
0.99553,0.69361,0.66471,0.9341,0.66975,0.72644,0.65861,0.9211,1.3824,0.62735,0.52854,0.89785,1
1.2969,0.68897,0.4607,0.90385,1.8549,0.49508,0.39166,0.82842,2.7575,0.55412,0.40479,0.81575,2
0.48716,0.95902,0.47805,0.97292,0.028416,0.40543,0.94125,0.98778,0.8025,0.93877,0.40109,0.89979,2
0.19436,0.67628,0.49953,0.9367,0.98695,0.72808,0.47114,0.88104,1.8855,0.74318,0.47874,0.87305,2
2.4662,0.37448,0.5375,0.85121,1.0084,0.36677,0.53881,0.85597,1.5166,0.38016,0.54101,0.85304,1
0.64962,0.96281,0.39368,0.96363,0.23801,0.55069,0.77524,0.95196,1.3399,0.89597,0.26361,0.84654,2
0.74931,0.6387,0.45437,0.90818,0.4205,0.49977,0.44664,0.88987,3.1578,0.65029,0.44443,0.83543,2
0.7023,0.54141,0.42374,0.87527,1.8012,0.56691,0.38132,0.82458,2.7005,0.54792,0.36648,0.80453,1
0.20599,0.53567,0.46461,0.9098,2.1504,0.45676,0.33943,0.80517,4.0436,0.58615,0.35831,0.78168,2
0.49521,0.95668,0.30633,0.93201,0.37583,0.4849,0.6018,0.91152,3.0194,0.79766,0.20133,0.8181,2
0.18459,0.46794,0.52795,0.91292,1.6801,0.35759,0.37552,0.821,4.9208,0.51554,0.39508,0.79247,2
0.15303,0.67631,0.40789,0.92597,2.2312,0.6565,0.29746,0.81446,1.6645,0.71884,0.34304,0.83405,2
0.78321,0.93963,0.45187,0.97176,0.029442,0.51501,0.97984,0.99531,0.83093,0.93486,0.3421,0.89849,2
0.15112,0.54354,0.58258,0.93002,1.1591,0.34402,0.5364,0.8824,3.0845,0.66864,0.46668,0.84435,2
0.25864,0.45342,0.75356,0.95021,0.090839,0.52383,0.79328,0.96111,1.9752,0.78657,0.44657,0.89371,1
2.1583,0.7199,0.56515,0.91505,0.22586,0.59468,0.75126,0.95141,3.3915,0.65682,0.46607,0.84722,2
0.74404,0.77623,0.49767,0.91872,0.099632,0.46319,0.7248,0.95018,4.1639,0.77799,0.5289,0.91907,1
0.33123,0.81077,0.37509,0.92631,0.26949,0.61486,0.58436,0.92044,3.3542,0.84337,0.37923,0.87671,1
2.9236,0.81584,0.41057,0.92613,0.43912,0.7391,0.42764,0.91203,1.2566,0.8182,0.3902,0.86528,1
5.4845,0.66891,0.55625,0.90029,0.16218,0.51511,0.61287,0.93247,1.6584,0.69131,0.53593,0.86692,1
0.58523,0.62417,0.46473,0.89781,1.045,0.613,0.43019,0.85657,1.1498,0.62941,0.4427,0.86438,1
0.87194,0.45944,0.40789,0.85538,2.2577,0.46372,0.37513,0.80013,3.4139,0.48868,0.33905,0.76961,1
0.33479,0.73129,0.51578,0.9308,0.15322,0.623,0.54189,0.93677,2.5981,0.72257,0.49243,0.85613,2
0.45363,0.96159,0.36367,0.94301,0.15124,0.43434,0.74581,0.94946,2.3206,0.82694,0.27345,0.84703,2
1.5699,0.50196,0.40328,0.87141,1.0275,0.5772,0.36707,0.83442,1.899,0.56979,0.36541,0.81222,1
0.070619,0.60868,0.75891,0.96589,0.56906,0.50923,0.62658,0.90931,2.7086,0.61194,0.62315,0.88152,2
0.61244,0.50032,0.52316,0.89052,0.88955,0.46188,0.50624,0.86582,2.1127,0.54562,0.46686,0.82948,1
3.6167,0.75947,0.61926,0.93393,0.062132,0.42785,0.83648,0.96944,1.6832,0.80807,0.59993,0.89684,1
0.74778,0.54065,0.32807,0.85607,0.91921,0.50512,0.30287,0.83511,4.2941,0.56019,0.29154,0.76788,2
1.6889,0.83446,0.46756,0.92582,0.19036,0.62145,0.81718,0.96065,2.094,0.81357,0.43579,0.87747,2
0.8949,0.96134,0.39283,0.93689,0.75349,0.18689,0.68719,0.91267,1.8197,0.87413,0.23921,0.81177,1
1.0188,0.9225,0.24012,0.86942,0.81484,0.483,0.44696,0.86227,3.0065,0.69674,0.20293,0.78418,2
0.5138,0.63746,0.42301,0.89224,1.464,0.63559,0.35109,0.82024,3.9852,0.5153,0.32486,0.77763,2
3.4868,0.77852,0.28656,0.82192,0.66497,0.33393,0.46129,0.85789,4.1374,0.60577,0.2715,0.78506,1
2.0641,0.86276,0.23743,0.85431,0.82466,0.53018,0.4573,0.86802,2.9287,0.69844,0.20245,0.79094,1
0.29127,0.67776,0.5051,0.92691,0.41259,0.55793,0.44944,0.89205,2.7659,0.67876,0.42489,0.83441,2
0.093827,0.95268,0.42503,0.98357,0.41875,0.85586,0.28876,0.89237,0.70797,0.8917,0.26677,0.8502,1
1.0452,0.75404,0.38101,0.87344,0.9241,0.5227,0.478,0.87529,3.6823,0.60579,0.38945,0.81459,2
0.42767,0.6454,0.42422,0.90675,1.012,0.67688,0.38716,0.84997,1.7142,0.66682,0.41889,0.84221,2
1.4951,0.77845,0.30357,0.87045,0.84122,0.55853,0.47659,0.87057,3.5286,0.63549,0.29382,0.78659,2
0.40486,0.56859,0.51687,0.91261,0.90881,0.54966,0.45848,0.862,2.1251,0.63439,0.39036,0.82337,2
5.3064,0.58835,0.34193,0.84644,0.51936,0.50639,0.34062,0.86035,2.9991,0.56507,0.33692,0.77746,1
0.13529,0.48891,0.86022,0.97165,0.17825,0.58653,0.67951,0.95725,1.3865,0.77945,0.66048,0.93209,1
2.0876,0.79913,0.48804,0.89666,0.40119,0.3962,0.67463,0.91644,3.1442,0.6355,0.45859,0.85056,1
1.5524,0.71184,0.5179,0.919,0.27463,0.5874,0.66377,0.93801,3.6843,0.67953,0.48097,0.85569,2
0.72377,0.8057,0.41068,0.9519,0.63646,0.73695,0.32746,0.88798,1.8968,0.85458,0.26431,0.82321,2
4.8886,0.68252,0.28135,0.80655,2.1207,0.32551,0.27096,0.80281,2.7368,0.55887,0.25818,0.77124,1
2.2855,0.59486,0.38735,0.91376,0.67134,0.71187,0.31222,0.87491,3.1608,0.74322,0.28824,0.80502,1
0.79876,0.93628,0.48385,0.97295,0.023146,0.50989,0.9471,0.99006,0.72117,0.92363,0.43158,0.89363,2
0.91452,0.32545,0.47418,0.85096,2.3802,0.32555,0.45141,0.81478,2.6022,0.40779,0.42788,0.80058,1
0.34879,0.74137,0.48975,0.93277,0.39628,0.65014,0.46348,0.90261,2.2991,0.74529,0.43991,0.84187,2
0.0030331,0.23694,0.993,0.99848,0.078477,0.71757,0.68705,0.96548,2.1501,0.74501,0.42031,0.84172,1
0.70493,0.95651,0.39403,0.95037,0.49349,0.43677,0.83879,0.95627,1.2478,0.90921,0.36785,0.89471,2
0.48084,0.96454,0.49667,0.98138,0.028431,0.63781,0.95198,0.99266,0.38733,0.96988,0.51104,0.94256,2
1.1359,0.83129,0.28933,0.91318,0.8066,0.61227,0.33109,0.85923,3.378,0.72228,0.19107,0.75377,2
1.0441,0.94848,0.55392,0.97739,0.36774,0.49787,0.70227,0.95398,0.41455,0.95592,0.4686,0.92466,1
1.2269,0.86912,0.2653,0.87552,0.64959,0.78622,0.56419,0.90126,5.5513,0.74925,0.31046,0.84593,1
0.61419,0.43627,0.5233,0.88842,1.1693,0.43637,0.51741,0.86461,2.0038,0.51795,0.52342,0.85491,1
3.2091,0.44475,0.40771,0.89391,0.82057,0.58557,0.36858,0.86247,2.9028,0.69155,0.33862,0.78656,1
0.86572,0.96109,0.35943,0.93261,0.31976,0.48032,0.4392,0.89961,2.4793,0.77254,0.20594,0.76827,1
1.1975,0.76678,0.23457,0.87145,0.84626,0.68106,0.35082,0.85214,2.3846,0.7931,0.20074,0.8052,2
4.7185,0.76068,0.50686,0.91427,0.058961,0.54888,0.86319,0.97599,2.6047,0.73969,0.47969,0.87846,1
1.5485,0.61848,0.30501,0.89246,0.96673,0.60312,0.31364,0.84776,3.453,0.69719,0.24992,0.77085,2
2.9085,0.64469,0.27352,0.86753,1.015,0.66332,0.41287,0.88218,4.3724,0.67455,0.18411,0.7442,2
0.79665,0.89325,0.34102,0.92983,0.59026,0.64189,0.40191,0.88458,2.6439,0.77837,0.26494,0.79966,2
0.12941,0.4855,0.66928,0.94379,1.8323,0.4882,0.54411,0.86267,2.4162,0.54011,0.54969,0.85672,2
6.0472,0.73995,0.41163,0.89045,0.073621,0.5276,0.8003,0.96672,3.1724,0.75688,0.31634,0.81143,1
0.41965,0.96674,0.47303,0.98294,0.21448,0.69752,0.66142,0.95865,0.37587,0.96053,0.37393,0.91034,2
0.90639,0.9586,0.52358,0.98063,0.40798,0.50194,0.77476,0.9507,0.656,0.93785,0.4549,0.89128,1
0.17754,0.63,0.41251,0.91944,2.2109,0.61385,0.30369,0.81508,2.7487,0.62827,0.27454,0.79929,2
2.6096,0.50812,0.5333,0.89501,0.22019,0.60076,0.70535,0.94416,2.8345,0.64522,0.53571,0.86405,2
1.9576,0.3455,0.62117,0.88098,0.4632,0.68083,0.33237,0.85481,3.5391,0.54684,0.24207,0.74534,1
1.769,0.26417,0.69645,0.8941,0.52938,0.25275,0.67826,0.90457,4.0201,0.57576,0.346,0.79482,1
0.38811,0.57027,0.48149,0.91185,0.80294,0.68141,0.3977,0.87059,2.3846,0.64585,0.37099,0.82438,2
0.72201,0.49048,0.45583,0.87855,1.5707,0.44128,0.43579,0.82993,2.057,0.56671,0.37665,0.80722,1
0.68427,0.85169,0.39847,0.94218,1.3338,0.7677,0.37912,0.87521,1.7108,0.79259,0.32256,0.85729,2
0.98252,0.92588,0.68308,0.97611,0.016406,0.47027,0.95947,0.9923,0.3159,0.97268,0.48522,0.94416,2
2.4783,0.7719,0.43377,0.89323,0.1911,0.48261,0.56382,0.92318,2.5867,0.66658,0.36942,0.82925,1
5.2932,0.63683,0.28058,0.82276,2.3416,0.54434,0.40992,0.82233,2.8393,0.62147,0.25625,0.77711,1
0.63925,0.66995,0.42454,0.93175,0.9911,0.67336,0.34431,0.86122,2.9903,0.74166,0.31256,0.81422,2
2.5851,0.75074,0.44944,0.91044,0.70051,0.56712,0.43483,0.87214,2.2719,0.69115,0.32788,0.80848,1
1.5816,0.71188,0.4549,0.88792,0.30919,0.41027,0.57468,0.90835,3.6641,0.53079,0.46544,0.82626,2
0.37413,0.60093,0.38521,0.89213,1.9126,0.47026,0.28903,0.79351,3.267,0.60441,0.26187,0.7539,2
0.94649,0.9507,0.57843,0.98051,0.15181,0.54173,0.71914,0.96714,0.43776,0.94731,0.5416,0.92906,1
0.44059,0.35348,0.71352,0.92712,1.4898,0.18449,0.70651,0.91451,1.8779,0.562,0.6698,0.89195,1
0.12721,0.72144,0.46479,0.94384,2.7831,0.68956,0.36434,0.84808,2.2056,0.77422,0.38933,0.86464,2
0.17249,0.62866,0.54179,0.95218,3.2374,0.57154,0.31925,0.81439,2.0012,0.7447,0.36617,0.83867,2
1.8793,0.6092,0.54059,0.89412,1.5862,0.51698,0.5918,0.87947,0.89586,0.6075,0.56311,0.89355,1
4.0814,0.71137,0.38436,0.86653,0.46077,0.45721,0.45179,0.88192,3.6443,0.59174,0.34682,0.80702,1
2.6689,0.82773,0.28785,0.89988,0.594,0.57587,0.49885,0.8947,2.8625,0.73211,0.209,0.76627,1
1.1493,0.95074,0.46292,0.96903,0.19606,0.60212,0.56677,0.93487,0.72583,0.92487,0.35671,0.84956,1
0.78271,0.96179,0.30152,0.92619,2.4767,0.46538,0.65884,0.8877,1.3639,0.87704,0.24067,0.83668,2
1.2907,0.78623,0.40089,0.89917,0.10018,0.41928,0.74084,0.95026,5.562,0.70604,0.41624,0.8692,1
0.19485,0.60792,0.41356,0.90918,1.4767,0.5558,0.32087,0.83365,3.3883,0.63636,0.31601,0.80246,2
1.4848,0.88172,0.45746,0.90633,1.054,0.45108,0.49115,0.8914,2.9916,0.72778,0.3971,0.84735,1
0.77642,0.7625,0.3506,0.90295,0.40026,0.58132,0.475,0.89652,4.3891,0.80562,0.39919,0.89234,1
0.8362,0.40814,0.44308,0.85614,2.2617,0.30697,0.41734,0.81417,3.5892,0.50202,0.38331,0.78105,1
1.0717,0.69858,0.4393,0.90891,1.0997,0.67918,0.50015,0.88877,1.9443,0.69185,0.45425,0.86454,2
0.93701,0.7953,0.88368,0.98115,0.061826,0.79861,0.66457,0.97288,2.0036,0.78073,0.39685,0.86619,1
0.38091,0.96924,0.48414,0.98229,0.036903,0.59407,0.96297,0.99354,0.31166,0.97807,0.42745,0.95175,2
1.1178,0.94079,0.45794,0.92708,1.0547,0.23721,0.72646,0.91788,1.4918,0.86901,0.43271,0.88768,1
0.50322,0.61923,0.5149,0.91041,0.51809,0.53663,0.50787,0.88748,1.8627,0.62949,0.42844,0.8348,1
1.1794,0.91961,0.48274,0.93777,0.083425,0.56484,0.74175,0.96013,2.2786,0.77824,0.42078,0.84745,1
0.6028,0.97534,0.4843,0.9884,0.15107,0.68377,0.65537,0.96648,0.57649,0.95127,0.30005,0.87041,1
1.4798,0.7152,0.49374,0.91409,3.5691,0.53055,0.48042,0.82704,2.5503,0.64348,0.35716,0.80858,2
11.453,0.45164,0.39354,0.79497,0.067249,0.060296,0.86571,0.96638,6.0609,0.43419,0.34662,0.74672,1
0.7379,0.95553,0.49155,0.97373,0.040993,0.55824,0.92215,0.98575,0.45196,0.9568,0.43172,0.93797,2
2.4373,0.83216,0.60518,0.94702,0.055346,0.62679,0.83916,0.97524,1.2012,0.83927,0.51223,0.91215,1
0.40953,0.49286,0.4034,0.88495,2.3501,0.50694,0.30226,0.78309,2.6176,0.57376,0.32488,0.79222,2
3.1674,0.7854,0.27923,0.87108,0.84211,0.55054,0.42569,0.86781,4.7883,0.66836,0.2284,0.77182,1
2.6485,0.76434,0.60495,0.91334,0.99733,0.19046,0.84252,0.94128,2.1649,0.71902,0.60465,0.88431,1
0.58765,0.60981,0.4524,0.89692,2.5407,0.51365,0.41362,0.83751,2.0355,0.64972,0.41036,0.82503,1
2.2577,0.61247,0.47118,0.88791,0.48061,0.5425,0.5753,0.90147,3.3148,0.5438,0.45915,0.8282,2
0.94786,0.77113,0.35276,0.90432,0.52169,0.57729,0.63014,0.91815,3.9305,0.82746,0.42206,0.90942,1
1.9356,0.51855,0.36212,0.89518,1.1847,0.65109,0.31558,0.84035,3.1542,0.69348,0.24077,0.76287,2
0.43453,0.60179,0.43536,0.89946,0.63137,0.5833,0.39774,0.85498,1.3012,0.61738,0.42579,0.84659,2
0.36147,0.96825,0.43915,0.96585,0.10286,0.47144,0.82911,0.96758,1.141,0.9087,0.37471,0.8996,2
0.29216,0.97507,0.51303,0.9871,0.11153,0.58355,0.75003,0.9539,0.51472,0.95097,0.40888,0.90017,2
1.0401,0.48281,0.52983,0.89826,0.62673,0.46609,0.52416,0.88412,2.5978,0.56998,0.51634,0.85114,1
0.70616,0.42632,0.51497,0.88018,2.167,0.36487,0.48315,0.8392,2.5361,0.48774,0.47625,0.82764,1
2.1333,0.65544,0.31601,0.88404,1.3686,0.65972,0.36459,0.83518,2.6252,0.62797,0.29301,0.79392,2
0.50803,0.97796,0.43476,0.9857,0.045987,0.32023,0.89948,0.97873,0.49933,0.95845,0.38214,0.91853,1
0.97128,0.95446,0.51398,0.97472,0.3867,0.58496,0.59968,0.95789,0.44185,0.96745,0.43953,0.93924,1
1.281,0.86136,0.32946,0.88949,2.0939,0.40193,0.50908,0.83706,3.393,0.59913,0.27744,0.77092,2
1.7921,0.60821,0.71309,0.93705,0.18355,0.53644,0.74751,0.94857,2.9375,0.5993,0.59363,0.8776,2
1.0258,0.94513,0.26777,0.90102,0.79369,0.35007,0.58553,0.87887,2.562,0.743,0.2259,0.80158,2
0.83773,0.87848,0.37451,0.89727,1.6976,0.42558,0.49014,0.84873,4.6368,0.52885,0.31789,0.78417,2
1.4107,0.90004,0.5253,0.91774,1.5288,0.16391,0.68103,0.90368,1.2062,0.82981,0.50775,0.88061,1
0.30869,0.97321,0.41091,0.9662,0.1315,0.75825,0.62657,0.94418,1.476,0.88392,0.29492,0.87449,2
1.8022,0.86231,0.47857,0.9104,0.17286,0.3385,0.67559,0.93059,3.3348,0.63693,0.44012,0.82645,1
0.22537,0.73508,0.51322,0.92398,0.56556,0.52829,0.45176,0.8818,2.25,0.65407,0.45683,0.84211,2
1.0091,0.37409,0.64558,0.92229,0.2254,0.52328,0.6196,0.92491,2.6962,0.55368,0.57316,0.86389,2
0.17705,0.81316,0.39579,0.94218,0.42837,0.71387,0.36057,0.89915,2.0725,0.80803,0.32696,0.83422,2
0.39216,0.42785,0.62309,0.94358,1.3661,0.47282,0.49187,0.85987,1.7682,0.67191,0.51759,0.86614,2
3.5191,0.74115,0.42776,0.88702,0.32351,0.7532,0.6694,0.93533,3.2656,0.61091,0.39229,0.84107,1
0.65432,0.58423,0.43624,0.8845,1.5411,0.41395,0.40462,0.8446,3.5907,0.59872,0.36916,0.79438,1
0.0071998,0.24966,0.98971,0.99795,0.32528,0.83563,0.46717,0.92239,0.67512,0.86382,0.45709,0.90371,1
1.3482,0.92894,0.53861,0.97299,0.10424,0.37311,0.78837,0.95505,0.73825,0.90861,0.50392,0.89184,1
1.6743,0.556,0.53372,0.91624,0.67691,0.62083,0.41687,0.87441,2.8423,0.71718,0.43678,0.84351,2
3.5539,0.49465,0.78398,0.93515,0.26955,0.4161,0.58033,0.91233,3.7696,0.51002,0.54537,0.83801,1
0.82506,0.53122,0.59892,0.91838,2.4229,0.60886,0.57434,0.86143,0.74171,0.52375,0.58621,0.90112,1
3.1152,0.58702,0.28257,0.84633,1.8356,0.51178,0.35193,0.80779,3.1484,0.49952,0.26543,0.75702,2
2.6454,0.81404,0.65505,0.95136,0.044485,0.49436,0.86953,0.97776,1.3718,0.8028,0.6438,0.92258,1
2.351,0.63963,0.39649,0.87509,2.2502,0.5691,0.40559,0.84669,2.2982,0.51592,0.39389,0.82391,2
0.72863,0.55978,0.4128,0.87549,0.72368,0.5003,0.38865,0.84886,3.6764,0.54885,0.34615,0.77615,1
0.26011,0.82795,0.41291,0.94093,1.6486,0.66778,0.27685,0.82833,3.4256,0.7755,0.24675,0.78961,2
0.39576,0.96498,0.41455,0.96059,1.087,0.65305,0.81012,0.94762,0.661,0.94719,0.3548,0.89891,2
0.47227,0.95203,0.24875,0.91483,0.3936,0.50035,0.42984,0.88713,3.499,0.71545,0.16695,0.78867,2
0.3799,0.44295,0.47122,0.88966,2.8172,0.4023,0.3963,0.80403,2.7742,0.4914,0.41534,0.81032,2
0.35253,0.97128,0.49357,0.98601,0.050383,0.48258,0.92784,0.98417,0.49029,0.95957,0.38667,0.89581,2
0.49168,0.8823,0.43788,0.92715,0.83453,0.57404,0.4345,0.86628,3.5287,0.66947,0.30774,0.80215,2
3.7167,0.7498,0.39725,0.87813,0.1492,0.75987,0.69417,0.95454,2.525,0.64791,0.37793,0.83559,1
1.0636,0.84533,0.51192,0.92977,0.28857,0.50811,0.73104,0.94046,2.9023,0.69869,0.47382,0.86175,2
0.087454,0.71046,0.63176,0.95983,1.928,0.6248,0.508,0.87469,2.5277,0.7259,0.51934,0.87815,2
1.5875,0.63903,0.60499,0.91277,0.30826,0.42518,0.48862,0.89271,5.2587,0.58127,0.39534,0.81648,1
0.54415,0.34914,0.64585,0.90496,0.95181,0.19333,0.63799,0.89108,2.6081,0.4445,0.60679,0.85956,1
0.62373,0.91738,0.48528,0.94208,1.8701,0.50774,0.51225,0.85976,2.4239,0.75206,0.36311,0.8318,2
7.9678,0.56029,0.29158,0.79628,0.57918,0.34374,0.40868,0.8529,4.3851,0.49646,0.25614,0.72791,1
1.974,0.74119,0.23889,0.87269,0.47497,0.58862,0.41413,0.88354,4.1936,0.66198,0.21366,0.75398,2
0.48499,0.48987,0.4275,0.88968,0.54868,0.7414,0.38556,0.87254,2.7287,0.62014,0.32594,0.81117,2
0.82025,0.76587,0.43895,0.90104,0.24154,0.46551,0.60028,0.92124,5.7568,0.70518,0.46082,0.88025,1
0.81471,0.91908,0.76222,0.98133,0.002114,0.42869,0.99419,0.99894,0.86042,0.91803,0.62224,0.95698,2
0.90479,0.89151,0.40215,0.92157,1.653,0.5113,0.67444,0.9116,2.1307,0.76626,0.38248,0.85968,2
0.60619,0.79494,0.37516,0.9052,0.29491,0.67268,0.38346,0.90493,1.5422,0.74564,0.33488,0.84126,2
0.093321,0.90656,0.4034,0.96803,0.80843,0.77545,0.32749,0.88241,0.75858,0.9179,0.37054,0.86234,2
1.5446,0.71795,0.4938,0.89184,1.6785,0.3033,0.67786,0.89081,3.352,0.56242,0.48929,0.84253,2
0.87956,0.45216,0.39376,0.84769,2.9941,0.38889,0.35096,0.7834,2.5768,0.52423,0.3374,0.78319,1
4.2042,0.74203,0.41644,0.86149,1.0122,0.23569,0.71546,0.90806,3.8066,0.63544,0.38826,0.80871,1
5.6041,0.62939,0.29639,0.80877,4.483,0.41381,0.31652,0.79657,2.8116,0.50329,0.27208,0.76235,1
1.0463,0.93479,0.36196,0.89059,0.03992,0.67826,0.93903,0.99038,2.7492,0.87344,0.42951,0.9289,1
0.33624,0.7338,0.50517,0.93012,0.13725,0.64446,0.52611,0.93699,2.9248,0.70328,0.45986,0.85033,2
5.233,0.76202,0.42612,0.89795,0.12981,0.55253,0.81001,0.96676,3.4415,0.76863,0.34678,0.8497,1
0.906,0.92102,0.5352,0.96864,0.0057904,0.2584,0.99621,0.99908,0.85726,0.91972,0.51678,0.93208,2
1.5334,0.89362,0.45434,0.95621,0.0059743,0.40429,0.98403,0.99701,1.1866,0.90216,0.43821,0.90135,2
1.8129,0.89653,0.4425,0.91439,1.8666,0.33648,0.58357,0.88251,1.3752,0.84027,0.41106,0.86001,1
2.9628,0.51777,0.24143,0.82079,0.58367,0.51956,0.23688,0.83087,3.3268,0.54273,0.19984,0.75015,2
4.1962,0.7022,0.49598,0.89235,0.09735,0.43195,0.79299,0.96105,3.5708,0.65437,0.46786,0.85791,1
0.14485,0.73584,0.46038,0.9457,0.87163,0.64811,0.36068,0.87145,3.0603,0.77516,0.34725,0.82593,2
6.9623,0.53385,0.25624,0.78692,0.74447,0.44007,0.3625,0.83239,5.5164,0.41875,0.22106,0.6968,1
0.1957,0.66042,0.42345,0.91545,1.2471,0.59402,0.29195,0.81947,3.7847,0.58147,0.27232,0.77113,2
0.54809,0.97666,0.49075,0.98756,0.045512,0.79253,0.76737,0.98034,0.37086,0.96795,0.40124,0.93255,1
0.79862,0.87643,0.35295,0.91082,1.0575,0.62824,0.43095,0.86447,3.775,0.6975,0.31628,0.80082,2
0.20867,0.55211,0.43305,0.91223,2.9319,0.56296,0.32866,0.78945,1.8096,0.5807,0.38704,0.8212,2
0.49317,0.60027,0.3888,0.90129,1.4385,0.63218,0.29438,0.81665,1.2751,0.60935,0.39398,0.83759,2
0.44248,0.96825,0.49285,0.98292,0.02042,0.26823,0.99059,0.99767,0.42858,0.96673,0.47971,0.93931,2
1.7774,0.81995,0.43769,0.88345,2.8847,0.47189,0.5886,0.8601,1.4839,0.74891,0.43749,0.86412,1
0.28292,0.82093,0.3998,0.93262,0.74193,0.70036,0.34111,0.87258,1.6705,0.79426,0.35811,0.84909,2
0.854,0.84069,0.41843,0.87476,1.9254,0.34435,0.50247,0.83881,2.9866,0.63557,0.35359,0.80444,2
0.37031,0.80734,0.39573,0.93308,1.2997,0.67802,0.26578,0.82975,1.4782,0.7793,0.25143,0.80574,1
0.1587,0.97855,0.43138,0.97957,0.066406,0.66736,0.80529,0.97201,0.38957,0.9678,0.38846,0.91476,1
0.36748,0.96767,0.53613,0.98452,0.023039,0.45552,0.96619,0.99303,0.28055,0.97397,0.48497,0.94945,2
3.5879,0.7989,0.42289,0.90279,0.13349,0.5045,0.80233,0.96099,3.5612,0.72926,0.36804,0.82008,1
0.73264,0.46478,0.48551,0.88048,2.2492,0.53112,0.44881,0.8255,2.4939,0.50967,0.43409,0.82333,1
0.96769,0.76579,0.50125,0.91872,1.5131,0.60962,0.57179,0.88546,2.8412,0.62554,0.48802,0.8567,2
0.99661,0.82582,0.58385,0.92688,1.1033,0.59076,0.68708,0.91722,1.1008,0.84964,0.47914,0.89361,1
0.11844,0.74713,0.50243,0.95896,0.83981,0.69884,0.38418,0.88773,2.0748,0.81056,0.40044,0.86786,2
1.7888,0.79833,0.59104,0.94043,0.039767,0.43147,0.95206,0.98914,1.3953,0.80782,0.58174,0.90959,2
1.4579,0.85049,0.52522,0.92167,0.26636,0.39393,0.70126,0.93134,2.7918,0.72135,0.45027,0.85049,2
0.27996,0.66805,0.57905,0.93637,0.24059,0.61305,0.57333,0.9287,2.3296,0.68158,0.54996,0.87375,2
1.4776,0.92238,0.39021,0.90008,2.1422,0.20861,0.59551,0.87734,1.0527,0.88814,0.35556,0.85803,1
0.15518,0.67525,0.63527,0.94617,0.48585,0.53797,0.53775,0.89929,2.9455,0.63261,0.50714,0.85116,2
0.79743,0.73029,0.39083,0.90329,0.42158,0.52575,0.43533,0.88829,3.6032,0.6678,0.36345,0.81059,2
1.852,0.73459,0.47238,0.90417,0.10101,0.51618,0.76003,0.95837,3.3807,0.63733,0.47182,0.85168,2
0.53376,0.96294,0.38379,0.95006,0.20542,0.4931,0.64619,0.93307,2.2975,0.81721,0.29315,0.8503,2
1.5679,0.64985,0.29571,0.88919,1.5414,0.65033,0.30548,0.83529,3.4127,0.67185,0.23461,0.78228,2
3.2881,0.69838,0.52686,0.9,0.13146,0.36146,0.8277,0.96068,2.9342,0.65407,0.50925,0.87735,1
5.7129,0.64603,0.40907,0.85346,0.19681,0.42113,0.50589,0.90259,4.059,0.54794,0.37165,0.80196,1
1.6768,0.574,0.52361,0.9088,1.0516,0.65949,0.50818,0.88731,2.5174,0.64647,0.50637,0.86625,1
0.90233,0.52982,0.36388,0.86072,1.3264,0.40652,0.3173,0.8073,3.7244,0.54123,0.28601,0.74134,1
0.27751,0.97647,0.50387,0.98493,0.0053615,0.47338,0.99245,0.9985,0.36866,0.97199,0.42196,0.93914,2
1.1027,0.94221,0.25466,0.90268,0.74133,0.55033,0.45948,0.87711,2.9483,0.71412,0.16065,0.7706,2
3.4989,0.84567,0.47018,0.93721,0.16558,0.45074,0.58974,0.92082,1.8078,0.82373,0.37728,0.83349,1
1.0752,0.93207,0.36174,0.92583,0.40308,0.59528,0.62739,0.92616,2.9696,0.75114,0.3509,0.85695,2
0.30357,0.97235,0.54801,0.98718,0.039568,0.40271,0.93984,0.98742,0.32028,0.97281,0.49325,0.93999,2
0.63127,0.97117,0.46557,0.97663,0.12613,0.22168,0.90898,0.98114,0.39502,0.96719,0.43087,0.93732,1
1.0504,0.8656,0.50089,0.93349,0.22567,0.58578,0.72247,0.95343,1.3114,0.8618,0.46274,0.90635,2
0.94156,0.69066,0.41991,0.92202,1.0986,0.71223,0.38935,0.8561,1.9157,0.73314,0.37172,0.84646,2
0.10282,0.79966,0.43533,0.95729,1.4699,0.76589,0.28235,0.84416,1.239,0.82408,0.31238,0.85807,2
0.19416,0.61532,0.42002,0.92248,1.4477,0.55198,0.32793,0.83339,4.2817,0.68552,0.3202,0.79357,2
0.16117,0.59574,0.5056,0.92944,1.9237,0.61159,0.46195,0.85884,2.1822,0.68642,0.48259,0.86837,2
0.38375,0.62312,0.52029,0.91351,0.45005,0.52798,0.5176,0.89226,2.8128,0.56139,0.48901,0.85439,2
0.58105,0.43022,0.58409,0.89882,0.59058,0.36353,0.56401,0.8833,3.1848,0.50023,0.52613,0.83562,1
0.72425,0.96543,0.42377,0.9672,0.18675,0.48779,0.81149,0.95745,1.1979,0.8876,0.30818,0.86924,2
1.3681,0.85967,0.59832,0.9471,0.18107,0.47413,0.67387,0.9382,2.3899,0.74742,0.4466,0.85333,2
1.0906,0.79173,0.40651,0.9157,0.40383,0.59178,0.50821,0.90499,2.4502,0.72435,0.38876,0.83021,2
0.58222,0.552,0.51931,0.89869,2.2505,0.5592,0.48925,0.8396,1.0773,0.62183,0.46319,0.85822,1
1.1492,0.60889,0.50015,0.90064,0.65781,0.68624,0.46367,0.88678,1.4965,0.67048,0.44818,0.86042,2
0.43905,0.96435,0.50635,0.98272,0.022672,0.53636,0.95474,0.99179,0.32376,0.96674,0.45313,0.93237,2
1.6858,0.77326,0.71287,0.93583,0.10484,0.35038,0.77425,0.95261,4.6099,0.53166,0.45198,0.82003,1
0.38248,0.80127,0.43047,0.94403,0.97702,0.60869,0.33985,0.84697,1.5774,0.78301,0.3107,0.80065,1
0.52829,0.92603,0.40883,0.90931,1.267,0.47667,0.51542,0.87504,2.3336,0.75118,0.31148,0.82368,2
2.9014,0.78951,0.28137,0.83336,2.2855,0.42146,0.39724,0.80787,3.3622,0.61922,0.24761,0.76219,1
4.497,0.79998,0.43834,0.9157,0.097641,0.4408,0.75959,0.95375,2.0766,0.79703,0.38411,0.82991,1
0.41936,0.77513,0.41555,0.92848,1.125,0.66549,0.37223,0.86817,2.4474,0.75557,0.30223,0.83383,2
2.4188,0.70277,0.40287,0.8698,0.52071,0.47253,0.71157,0.92511,3.5917,0.64939,0.37729,0.81673,2
3.024,0.71437,0.33317,0.84992,0.40294,0.43518,0.44935,0.883,4.1106,0.65137,0.31622,0.77565,1
0.17642,0.58961,0.47165,0.92379,1.9886,0.60313,0.41188,0.84218,2.4786,0.67748,0.42972,0.84964,2
0.11532,0.70512,0.5258,0.94501,0.81578,0.62848,0.46181,0.88554,2.4778,0.79674,0.30183,0.8523,2
0.54481,0.95437,0.4103,0.95968,0.31734,0.57052,0.69701,0.93557,2.1585,0.82302,0.30102,0.85482,2
0.24945,0.66638,0.47359,0.94746,1.5229,0.77829,0.39658,0.84431,1.4808,0.77523,0.40666,0.85463,2
0.35285,0.96907,0.39339,0.94643,0.74033,0.40539,0.50755,0.89417,1.9259,0.82981,0.29823,0.821,2
0.5921,0.55619,0.45496,0.94472,1.1504,0.71729,0.35848,0.87389,2.1685,0.81306,0.34522,0.85274,2
0.12969,0.72464,0.51714,0.95868,2.1358,0.64896,0.26029,0.81071,2.7605,0.78007,0.25862,0.80496,2
2.7614,0.65069,0.44971,0.86461,0.44288,0.42463,0.48648,0.88006,2.5977,0.60355,0.44656,0.82594,1
1.4985,0.90471,0.52918,0.95882,0.031036,0.60375,0.96481,0.99309,1.0641,0.89425,0.53161,0.90837,2
0.65487,0.92989,0.5811,0.95915,0.14006,0.67292,0.77137,0.95919,1.5942,0.8457,0.49149,0.88789,2
0.26756,0.97726,0.49273,0.98531,0.11972,0.77805,0.62911,0.94615,0.58427,0.94588,0.39456,0.87807,2
0.66161,0.86372,0.3768,0.89637,2.3781,0.48426,0.36628,0.81294,3.9422,0.6145,0.25521,0.76565,2
0.20484,0.56074,0.4128,0.90229,2.1581,0.37168,0.31385,0.81646,3.5887,0.62141,0.27409,0.76927,2
0.7159,0.9189,0.51751,0.95858,0.083471,0.55172,0.82509,0.9704,2.0171,0.8453,0.44555,0.89473,2
1.0766,0.72307,0.37064,0.88122,2.4131,0.50996,0.40659,0.81828,2.1172,0.59909,0.38628,0.81672,2
0.20977,0.8235,0.50223,0.94164,0.37862,0.61701,0.49479,0.91416,2.8002,0.73242,0.46512,0.8656,2
1.315,0.83421,0.48237,0.91549,0.83223,0.26033,0.70307,0.91242,3.0943,0.66912,0.41781,0.82924,2
1.224,0.77973,0.39403,0.89098,1.9532,0.50999,0.39474,0.81865,2.5347,0.63875,0.35518,0.80855,2
0.804,0.80715,0.44151,0.92232,0.089491,0.47162,0.7515,0.95568,3.2771,0.84349,0.49143,0.93185,1
0.3971,0.95706,0.33237,0.93767,0.11952,0.59378,0.60759,0.94107,2.4332,0.80869,0.27778,0.81792,2
3.0843,0.84106,0.54074,0.94383,0.069118,0.5498,0.85304,0.97392,1.5615,0.83237,0.50708,0.89572,1
1.6006,0.78378,0.60274,0.93727,0.11711,0.43373,0.80935,0.96195,1.7827,0.74258,0.56275,0.90312,2
9.1184,0.45642,0.22959,0.77544,0.54945,0.52878,0.45077,0.87324,5.6119,0.47197,0.21073,0.69726,1
2.6384,0.62051,0.40046,0.88575,0.39128,0.52815,0.44053,0.88649,2.6006,0.65992,0.32541,0.80518,1
0.32007,0.55311,0.91818,0.97856,0.018137,0.24429,0.95819,0.99093,4.5746,0.59092,0.34456,0.78833,1
1.0314,0.72263,0.60343,0.9311,0.2371,0.80574,0.73477,0.94942,4.3193,0.68401,0.61317,0.91287,1
2.5292,0.82631,0.27356,0.85556,1.3961,0.51828,0.47014,0.85148,1.9522,0.69862,0.22581,0.80946,1
0.49796,0.97884,0.50112,0.98943,0.085968,0.83443,0.84004,0.97225,0.41996,0.96458,0.413,0.91987,1
1.4372,0.61259,0.6385,0.91056,0.52027,0.29699,0.73239,0.92318,1.6067,0.63689,0.67589,0.90423,2
0.3216,0.74706,0.49571,0.91429,2.4837,0.48945,0.42634,0.83334,3.3638,0.6065,0.40225,0.82187,2
0.73272,0.3173,0.55131,0.87269,0.76126,0.31616,0.53224,0.86668,2.72,0.40618,0.49793,0.82346,1
1.5661,0.91874,0.29472,0.86699,1.2503,0.3039,0.5249,0.84514,2.5533,0.77443,0.23178,0.78506,1
0.58758,0.96566,0.42678,0.96466,0.39346,0.39517,0.80464,0.94382,1.101,0.91164,0.32094,0.85449,2
0.51235,0.96448,0.37089,0.96862,0.13756,0.6226,0.82051,0.96857,0.83032,0.93232,0.31758,0.89356,2
0.31726,0.97377,0.44352,0.9702,0.037347,0.37742,0.90847,0.98192,1.1359,0.9218,0.37217,0.92197,2
0.58566,0.47567,0.74386,0.94043,1.7961,0.32746,0.63895,0.8736,1.0677,0.38346,0.69432,0.90418,2
2.3317,0.51535,0.72472,0.94033,2.8666,0.56106,0.56822,0.87848,2.4093,0.63298,0.44954,0.84249,2
0.74259,0.76467,0.40745,0.92884,1.3412,0.67942,0.37802,0.86701,3.3241,0.72814,0.29058,0.8203,2
0.73987,0.77342,0.4167,0.91506,0.58807,0.49805,0.41564,0.88738,1.8311,0.70803,0.36545,0.82479,1
2.265,0.8868,0.54686,0.95921,0.0094056,0.23725,0.97835,0.9953,1.4879,0.86952,0.50399,0.9171,1
1.0108,0.75684,0.37527,0.88725,0.22191,0.42065,0.5975,0.91913,6.1726,0.71994,0.41768,0.87656,1
1.2864,0.87825,0.5394,0.9562,0.13431,0.55746,0.84288,0.96846,1.464,0.86412,0.48159,0.91113,2
0.64749,0.92663,0.6754,0.98063,0.044547,0.39306,0.98684,0.99657,0.50329,0.93514,0.67585,0.94719,2
0.16919,0.69143,0.48455,0.93491,0.79628,0.58967,0.34823,0.85411,2.8328,0.69523,0.3605,0.80534,2
3.7297,0.77043,0.59447,0.93218,0.049816,0.7324,0.77407,0.97679,1.4955,0.76645,0.57386,0.91062,1
1.1311,0.90064,0.55445,0.93413,1.0519,0.25759,0.72297,0.91855,2.3219,0.77169,0.42247,0.8673,2
1.3571,0.74737,0.59366,0.92153,1.4693,0.41292,0.7572,0.92551,2.2093,0.61259,0.59921,0.88802,2
0.67718,0.82693,0.59606,0.93788,0.23986,0.60994,0.70356,0.94187,2.8632,0.68104,0.58229,0.88641,2
0.62459,0.95579,0.32951,0.93426,0.34652,0.40924,0.66248,0.91879,2.1872,0.79148,0.28506,0.82739,2
0.54586,0.59658,0.32631,0.88049,0.98742,0.59183,0.29369,0.82854,3.3405,0.57721,0.28738,0.77448,2
0.54698,0.95273,0.52352,0.98045,0.14916,0.63218,0.74494,0.96483,0.30126,0.97082,0.47686,0.93807,2
0.69709,0.93974,0.26005,0.89692,0.80576,0.40442,0.54594,0.87265,2.8126,0.75733,0.17892,0.77602,2
0.92744,0.7949,0.55512,0.93488,0.81314,0.57279,0.60175,0.90599,2.6075,0.67035,0.53521,0.86889,2
0.6493,0.37069,0.40719,0.85586,1.3861,0.45834,0.44783,0.84539,4.8603,0.41461,0.38389,0.77106,2
3.6924,0.60392,0.28156,0.81594,0.93225,0.53713,0.30395,0.82324,3.1295,0.57336,0.2501,0.75348,1
0.39634,0.96804,0.48798,0.98274,0.030331,0.652,0.94996,0.99147,0.39044,0.96794,0.41686,0.9207,2
0.34822,0.74089,0.43781,0.92036,0.84142,0.69058,0.41034,0.88227,4.0288,0.79417,0.44357,0.88792,1
0.19779,0.38208,0.52511,0.90221,2.2199,0.35584,0.38675,0.8078,5.4578,0.45847,0.37451,0.77469,2
0.32601,0.79804,0.46989,0.93839,1.1691,0.57829,0.41409,0.8664,1.9213,0.78258,0.38233,0.8191,1
1.606,0.76877,0.4146,0.90541,0.49611,0.57315,0.59209,0.91531,3.0627,0.68283,0.40921,0.85896,2
0.90349,0.88578,0.36455,0.9195,2.2133,0.63938,0.48136,0.8617,2.5269,0.7243,0.32535,0.82152,2
0.35812,0.6895,0.34103,0.90402,1.0964,0.66373,0.29571,0.84311,1.8448,0.73115,0.25946,0.81736,2
1.0961,0.73466,0.46296,0.91667,0.10322,0.63657,0.76148,0.964,4.4963,0.77205,0.5062,0.9152,1
2.0908,0.74217,0.61499,0.93345,0.022151,0.49335,0.96697,0.99298,1.5402,0.75411,0.61626,0.91538,2
1.4673,0.9056,0.25229,0.90052,0.64282,0.53657,0.37369,0.85455,3.1786,0.67144,0.19432,0.74798,1
1.4619,0.83342,0.33719,0.87893,1.6689,0.48759,0.4616,0.84647,2.5459,0.63319,0.29211,0.79777,2
3.0637e-05,-1.5319e-05,0.99994,0.99998,0.033471,0.57161,0.88952,0.98326,3.3384,0.73357,0.39971,0.82985,1
1.6178,0.75539,0.30274,0.85997,1.9059,0.52067,0.36103,0.83099,2.6743,0.6597,0.2786,0.81685,1
2.093,0.85964,0.52884,0.94103,0.20987,0.59358,0.80501,0.95737,1.7586,0.81247,0.43209,0.86654,2
2.2425,0.69114,0.49201,0.8916,1.3386,0.44615,0.79796,0.9339,2.8752,0.66753,0.48533,0.84971,2
2.0581,0.78096,0.57127,0.93026,0.0062806,0.13338,0.99199,0.99803,2.1264,0.78148,0.56013,0.90138,2
0.41778,0.62845,0.38272,0.90156,1.2017,0.54813,0.3406,0.84642,2.7977,0.68357,0.35545,0.80604,2
0.86094,0.47997,0.37332,0.86258,2.036,0.58164,0.33876,0.81051,2.4383,0.50585,0.35055,0.81687,1
0.21756,0.5874,0.3725,0.90176,2.8136,0.51544,0.28448,0.7932,2.9831,0.66194,0.25315,0.78647,2
0.3974,0.81822,0.4147,0.92518,0.50637,0.56902,0.56954,0.90571,3.7518,0.82003,0.42427,0.8887,1
1.2904,0.79496,0.67286,0.94543,0.61936,0.55921,0.75184,0.93912,1.3541,0.73427,0.6218,0.90254,2
0.16365,0.66447,0.4763,0.92931,1.1523,0.57119,0.35097,0.83321,2.6461,0.65726,0.3655,0.80679,2
0.9739,0.71493,0.39924,0.9272,1.1986,0.66092,0.29276,0.83546,1.7771,0.75756,0.26769,0.81159,2
0.1254,0.70585,0.53804,0.95606,1.6293,0.71252,0.4593,0.88113,1.3602,0.82454,0.47217,0.89684,2
0.74487,0.9348,0.57823,0.96891,0.060999,0.44234,0.90372,0.98029,0.97834,0.87763,0.5383,0.90947,2
0.7685,0.83197,0.51128,0.92835,0.53843,0.56882,0.56133,0.90407,3.1786,0.68518,0.43858,0.84232,2
0.32702,0.97263,0.51209,0.98508,0.011673,0.44615,0.98218,0.99648,0.39363,0.96724,0.4413,0.92806,2
1.4097,0.93241,0.35184,0.89924,0.59689,0.27309,0.61631,0.89505,3.1069,0.75164,0.30371,0.83743,1
0.06636,0.69831,0.72002,0.96725,1.2502,0.62871,0.62878,0.90604,1.2624,0.74758,0.64588,0.91208,2
0.45463,0.77086,0.39218,0.93577,1.3057,0.77251,0.26974,0.84224,1.0448,0.79414,0.29379,0.86303,1
0.28866,0.67481,0.47583,0.92373,2.0697,0.66074,0.43383,0.83709,1.0878,0.68669,0.47565,0.87398,2
0.24403,0.59678,0.43202,0.91666,2.2021,0.44093,0.3072,0.81789,2.7529,0.667,0.31516,0.79411,2
0.47365,0.98041,0.49316,0.99067,0.074877,0.72678,0.6586,0.9628,0.42315,0.96158,0.34875,0.91345,1
0.98032,0.72362,0.53974,0.91887,0.14185,0.54061,0.66488,0.94227,3.5549,0.65231,0.50816,0.8546,2
0.5116,0.95399,0.38731,0.94635,0.19521,0.46794,0.64569,0.92992,1.9301,0.84612,0.33287,0.85701,2
0.84922,0.92474,0.26239,0.89258,0.41507,0.40304,0.57148,0.89275,2.6079,0.81118,0.23943,0.83521,2
0.010478,0.3922,0.97515,0.99519,0.01129,0.24513,0.98182,0.99576,0.3856,0.64191,0.93514,0.98151,1
0.75824,0.95595,0.35484,0.94067,1.6242,0.33973,0.72177,0.90933,1.1087,0.90225,0.28849,0.86148,2
5.2163,0.64577,0.28657,0.80946,1.6957,0.44286,0.56477,0.8642,5.909,0.53119,0.23352,0.72855,1
5.351,0.61399,0.21848,0.77122,0.40415,0.68295,0.44688,0.88017,5.6148,0.41134,0.20061,0.6944,1
2.9878,0.84115,0.55504,0.9462,0.0011029,-1.5319e-05,0.99994,0.99997,1.5514,0.83547,0.52999,0.92434,1
2.6987,0.83456,0.27637,0.88981,0.5909,0.59989,0.51506,0.9011,4.2571,0.71028,0.23969,0.80814,1
0.0892,0.57049,0.72954,0.9575,0.53235,0.64429,0.55302,0.90621,2.8169,0.62768,0.58297,0.88397,2
0.48332,0.9796,0.50328,0.99029,0.10869,0.67807,0.62309,0.95486,0.71259,0.93134,0.35828,0.84951,1
3.3714,0.61308,0.31493,0.85148,0.65077,0.55486,0.38636,0.86093,3.3521,0.57032,0.26197,0.7597,1
0.92621,0.94383,0.42604,0.92712,1.3831,0.26892,0.74839,0.91088,1.1097,0.88491,0.41791,0.87874,2
0.64118,0.6226,0.43021,0.89141,1.0893,0.60239,0.3865,0.83906,1.5392,0.62597,0.38386,0.82772,1
0.093597,0.81577,0.46357,0.95834,0.57601,0.70894,0.35678,0.88828,1.9741,0.8435,0.35441,0.83538,2
0.6903,0.83922,0.31336,0.93436,0.71196,0.72051,0.3072,0.87956,3.0347,0.79406,0.20108,0.78939,2
0.51299,0.71041,0.41129,0.90841,0.93707,0.58926,0.34133,0.8437,2.0752,0.69446,0.31716,0.80668,1
0.93621,0.84944,0.38119,0.91955,0.40195,0.65645,0.57878,0.92158,3.9298,0.72753,0.367,0.84196,2
1.7389,0.65318,0.4111,0.89645,0.37402,0.60618,0.59026,0.92307,4.7676,0.65542,0.38974,0.82245,2
1.0308,0.81652,0.45809,0.90959,0.29759,0.41631,0.58802,0.91024,3.6239,0.66799,0.42333,0.8356,2
0.78061,0.92788,0.42632,0.94746,0.17044,0.53189,0.67281,0.94593,2.6743,0.76627,0.36847,0.85361,2
0.14023,0.84576,0.49961,0.95135,0.5905,0.69912,0.46749,0.90287,1.4417,0.81546,0.46412,0.87864,2
0.19548,0.52197,0.46985,0.91065,1.908,0.53822,0.37242,0.82304,3.1813,0.54101,0.37037,0.8018,2
0.42405,0.5521,0.4355,0.90269,1.4534,0.64715,0.36879,0.84536,1.8235,0.62013,0.36053,0.83505,2
2.8088,0.83702,0.31728,0.84672,2.1583,0.24521,0.3391,0.81526,1.9371,0.7313,0.27761,0.79427,1
0.25043,0.53283,0.55899,0.93135,1.3655,0.6255,0.43623,0.85761,1.7405,0.68172,0.43681,0.85229,2
1.6503,0.91189,0.25585,0.85357,1.6816,0.35718,0.44143,0.82136,3.3713,0.73266,0.17586,0.7523,1
0.90709,0.92839,0.32309,0.93316,0.7973,0.57846,0.61042,0.90627,2.7934,0.77671,0.24029,0.82244,2
0.73211,0.78246,0.35635,0.91219,0.48248,0.65269,0.41798,0.89641,2.8631,0.72011,0.31337,0.81755,2
2.0036,0.80894,0.74583,0.96377,1.1982,0.54414,0.39309,0.83018,1.8599,0.53324,0.38436,0.811,1
2.7233,0.77812,0.52818,0.90487,0.094179,0.33019,0.79132,0.95655,2.5451,0.66924,0.42832,0.85831,1
2.6419,0.8647,0.40344,0.89377,0.40123,0.17019,0.78888,0.93313,2.0119,0.75867,0.35538,0.85161,1
2.2574,0.79907,0.47783,0.92715,0.066667,0.39797,0.89778,0.97671,1.9908,0.80261,0.42586,0.86728,2
0.61981,0.97399,0.47238,0.98229,0.02163,0.45796,0.96032,0.99191,0.28716,0.97279,0.32709,0.92809,1
0.55824,0.55909,0.5153,0.89899,1.2656,0.53012,0.48157,0.8579,2.0417,0.62417,0.47999,0.84608,1
1.5047,0.83211,0.28574,0.89956,0.80208,0.62748,0.47475,0.88767,3.6405,0.69331,0.23671,0.79855,2
2.8805,0.82531,0.60285,0.94652,0.015043,0.3351,0.96256,0.99248,1.4956,0.82109,0.58795,0.92713,1
0.48465,0.96124,0.37307,0.95646,0.14403,0.48553,0.76169,0.95554,1.7897,0.85842,0.20147,0.83973,2
1.6405,0.91706,0.27907,0.87704,1.8294,0.41249,0.38696,0.82531,1.5375,0.84272,0.18947,0.77943,1
0.47551,0.94842,0.32544,0.934,0.14962,0.44288,0.63084,0.92847,2.8028,0.79587,0.28039,0.83614,2
0.9297,0.37718,0.4296,0.84447,2.0648,0.36081,0.4061,0.80077,3.6462,0.41521,0.38086,0.77148,1
1.6207,0.6972,0.34791,0.88472,1.1332,0.57392,0.47962,0.87268,4.2323,0.60321,0.33645,0.80173,2
1.6445,0.66908,0.42568,0.87533,0.51507,0.53714,0.58798,0.90625,3.5097,0.57733,0.41073,0.8153,2
1.0049,0.94587,0.59322,0.97962,0.10899,0.38666,0.89694,0.97951,0.4366,0.95241,0.58073,0.948,1
0.99139,0.23532,0.54505,0.86511,2.1442,0.26813,0.52775,0.8343,2.0425,0.41265,0.51157,0.83389,1
0.15717,0.56504,0.60811,0.9393,0.59867,0.53974,0.45074,0.87279,3.1878,0.63231,0.44132,0.82497,2
3.902,0.67342,0.34705,0.86186,0.58606,0.48905,0.38714,0.86097,3.1554,0.64154,0.32861,0.80239,1
3.1431,0.85085,0.48298,0.9408,0.032307,0.39153,0.91565,0.98385,1.2895,0.8666,0.42846,0.90273,1
1.7371,0.77169,0.63051,0.93794,0.048974,0.49623,0.90786,0.98265,1.4829,0.74361,0.62722,0.91547,2
1.0429,0.95092,0.29293,0.88612,1.3556,0.30576,0.36107,0.83898,1.7937,0.81534,0.17002,0.77779,1
0.74306,0.42932,0.50394,0.87452,0.65363,0.36856,0.49042,0.85911,4.0623,0.43961,0.45848,0.80304,1
0.33211,0.75696,0.36415,0.90691,1.1552,0.56685,0.31857,0.83453,2.4366,0.68167,0.33537,0.81089,2
0.14157,0.58016,0.63237,0.94678,2.3202,0.51444,0.27027,0.78976,3.715,0.58511,0.27983,0.7596,2
0.13802,0.66649,0.4677,0.93109,2.8032,0.56812,0.21754,0.769,3.072,0.70153,0.22055,0.75964,2
0.47696,0.4147,0.50526,0.88508,0.85003,0.27919,0.49391,0.86354,4.4124,0.43274,0.49736,0.81136,2
0.0044424,0.13978,0.99041,0.99778,0.65472,0.44369,0.58785,0.89964,2.0427,0.46289,0.57364,0.86255,1
0.073376,0.65961,0.71658,0.96333,0.78228,0.56234,0.38476,0.86211,3.7957,0.66066,0.39402,0.80871,2
0.51199,0.87532,0.35289,0.90039,2.0218,0.57363,0.36127,0.82165,1.9137,0.64169,0.29473,0.80913,2
1.0733,0.74772,0.57825,0.92166,0.12696,0.6717,0.60985,0.94118,1.4574,0.67726,0.55844,0.89414,2
0.87806,0.86127,0.42704,0.9301,0.28778,0.53671,0.58767,0.92542,3.1866,0.73665,0.37347,0.84227,2
2.1043,0.89886,0.53064,0.96115,0.1545,0.87606,0.3665,0.92913,0.42561,0.93388,0.31784,0.88012,1
0.10656,0.5869,0.73775,0.96634,2.5416,0.51286,0.34595,0.8242,3.1068,0.66755,0.33221,0.79895,2
0.65571,0.44276,0.43689,0.86307,0.77261,0.40615,0.62797,0.88875,8.8349,0.48936,0.43628,0.80693,1
1.5393,0.9249,0.27968,0.89519,1.0499,0.44906,0.31061,0.83649,2.6074,0.73064,0.18848,0.74312,1
1.1473,0.87773,0.44862,0.93653,0.072687,0.55301,0.78822,0.96602,2.2983,0.83003,0.43063,0.89861,2
1.2062,0.89353,0.49383,0.92687,0.42923,0.47444,0.58873,0.90177,2.9909,0.69917,0.35638,0.818,2
1.0735,0.74208,0.88058,0.97703,0.027696,0.44308,0.9499,0.99043,3.0418,0.66442,0.53022,0.87974,1
0.63205,0.86662,0.39708,0.92439,0.80905,0.63877,0.40164,0.86676,2.1075,0.74309,0.31914,0.81836,1
0.58436,0.91054,0.5082,0.94247,0.30044,0.47745,0.5929,0.91616,3.0051,0.76357,0.39091,0.84522,2
0.11014,0.66684,0.59016,0.94907,1.2767,0.55044,0.42959,0.8521,3.2925,0.66793,0.42701,0.82092,2
0.34197,0.97217,0.45329,0.97789,0.063205,0.36746,0.91406,0.98069,0.77207,0.93941,0.31791,0.90643,2
0.12301,0.48062,0.65829,0.93933,1.9938,0.44716,0.60318,0.8728,1.6531,0.53556,0.60715,0.88437,2
1.1773,0.7021,0.36672,0.88858,1.0593,0.68513,0.4487,0.86069,2.9683,0.65902,0.36062,0.81758,2
0.6996,0.4818,0.48102,0.87866,1.4928,0.37801,0.441,0.83555,2.8199,0.5132,0.44044,0.81621,1
0.12961,0.64314,0.53651,0.93601,0.72937,0.57386,0.46863,0.88434,3.5581,0.65361,0.4107,0.83247,2
4.1792,0.72589,0.26767,0.83393,0.49165,0.40034,0.50141,0.88057,4.7368,0.59074,0.21427,0.73707,1
0.46843,0.96103,0.40885,0.9618,0.27765,0.54898,0.76106,0.94801,1.5778,0.86703,0.29673,0.86238,2
0.61639,0.6281,0.44076,0.90532,2.0657,0.62183,0.39744,0.82548,1.8064,0.6645,0.40591,0.82999,1
5.8704,0.52639,0.45995,0.83155,0.91964,0.15809,0.74868,0.91442,3.7734,0.51576,0.41547,0.805,1
4.0724,0.75124,0.36674,0.8697,0.39458,0.44862,0.41511,0.88602,3.6126,0.57664,0.31848,0.77616,1
2.3819,0.77158,0.36009,0.91047,0.78022,0.61244,0.40917,0.90301,3.0402,0.77216,0.30847,0.83142,1
1.0835,0.94614,0.52128,0.96742,0.10677,0.38096,0.84377,0.96844,0.68287,0.93994,0.45009,0.90845,1
0.76757,0.46529,0.52244,0.89492,1.6925,0.58205,0.50205,0.84307,1.3678,0.60878,0.4742,0.85371,1
0.3504,0.81169,0.44459,0.94042,0.79292,0.70724,0.35846,0.87027,2.0267,0.7849,0.35159,0.82526,1
0.39704,0.96392,0.34882,0.94685,0.32259,0.57618,0.65425,0.93048,2.1911,0.83343,0.27929,0.85525,2
2.9388,0.56577,0.26964,0.83773,0.37725,0.5609,0.52119,0.90628,6.8933,0.55323,0.24577,0.72497,2
1.0753,0.94382,0.52905,0.96409,0.11806,0.49655,0.75939,0.96408,0.65725,0.92924,0.48185,0.92761,1
0.28113,0.743,0.36009,0.92686,1.2276,0.63706,0.26462,0.82775,1.6704,0.78245,0.26929,0.80954,2
0.24004,0.49509,0.59695,0.93949,1.9207,0.60214,0.54262,0.86671,0.77886,0.67561,0.58289,0.90225,2
1.1988,0.71809,0.50238,0.90047,0.54784,0.44204,0.57709,0.8906,3.4181,0.54179,0.49551,0.83342,2
0.54649,0.92206,0.42033,0.92164,0.99554,0.51256,0.46748,0.8677,3.7397,0.69703,0.29755,0.7933,2
1.4809,0.80151,0.41118,0.88974,0.91729,0.43428,0.67724,0.9028,2.6344,0.72557,0.40561,0.84214,2
0.68313,0.92343,0.41128,0.95051,0.2566,0.64456,0.6852,0.94394,2.3913,0.82989,0.35745,0.87781,2
1.2214,0.94087,0.53775,0.97396,0.070757,0.75456,0.64706,0.96481,0.76733,0.9432,0.44934,0.93639,1
0.47399,0.96111,0.50084,0.98143,0.041039,0.46744,0.94439,0.98807,0.49917,0.95784,0.43263,0.91026,2
1.1459,0.65,0.73296,0.94206,0.14334,0.38333,0.79668,0.9575,1.8524,0.64731,0.70558,0.91312,1
2.1712,0.8165,0.52363,0.90069,1.3688,0.28117,0.76246,0.91453,2.4719,0.7147,0.50999,0.85211,1
2.0111,0.60152,0.45531,0.8728,0.86708,0.62607,0.43866,0.85718,4.7525,0.33873,0.20589,0.71427,1
0.36657,0.71114,0.48115,0.92206,0.18793,0.56914,0.5022,0.92217,2.7711,0.68481,0.43093,0.827,2
0.19257,0.54373,0.52653,0.92709,1.4357,0.55767,0.45353,0.86276,3.5175,0.62184,0.44627,0.84197,2
1.8705,0.73252,0.30688,0.8862,2.5394,0.63014,0.29836,0.81389,2.4623,0.67761,0.24456,0.79388,2
1.332,0.87404,0.26627,0.86111,0.66927,0.549,0.47038,0.88111,6.3376,0.72491,0.33414,0.84364,1
2.0409,0.82619,0.31525,0.84564,2.7944,0.40494,0.47283,0.81177,1.971,0.72016,0.2912,0.78617,1
0.93615,0.84059,0.32491,0.92219,0.87267,0.65358,0.29784,0.85797,2.3146,0.77256,0.22019,0.79863,2
0.43819,0.98123,0.49977,0.99107,0.11065,0.69212,0.84009,0.98029,0.33644,0.97171,0.41692,0.92681,1
0.45072,0.45057,0.69889,0.94186,0.59684,0.50097,0.5596,0.9175,2.0563,0.69471,0.5507,0.88724,1
3.4555,0.74016,0.28326,0.82099,2.7223,0.41198,0.48692,0.827,3.2108,0.63379,0.24873,0.76578,1
0.38336,0.69801,0.38047,0.91163,0.53241,0.69132,0.32499,0.86389,1.3066,0.72788,0.34931,0.84176,2
1.6202,0.90911,0.30276,0.86735,1.5167,0.29837,0.37639,0.81853,2.6788,0.70327,0.24865,0.75228,1
1.2641,0.86927,0.49001,0.92227,2.5843,0.36281,0.38572,0.80081,2.9838,0.69408,0.29868,0.78807,2
0.25273,0.5172,0.70157,0.94763,1.4235,0.61396,0.69681,0.91079,0.46054,0.58739,0.74606,0.93859,2
0.64589,0.96327,0.41556,0.97375,0.059559,0.52465,0.89357,0.98008,0.78347,0.93278,0.37155,0.91845,2
0.84346,0.43048,0.49453,0.86329,2.2212,0.38267,0.48079,0.82712,2.0262,0.45697,0.46696,0.82667,1
3.065,0.69359,0.43621,0.88532,0.11258,0.58008,0.71363,0.95048,3.3965,0.67589,0.39289,0.84393,2
0.15236,0.64616,0.47013,0.92901,2.164,0.58312,0.3666,0.82722,3.1107,0.6737,0.36101,0.81473,2
0.10939,0.7307,0.50171,0.94644,0.91563,0.64625,0.37063,0.86913,2.8542,0.73854,0.35679,0.83612,2
0.54295,0.68723,0.35015,0.89096,0.76072,0.39946,0.32842,0.86084,3.3653,0.69585,0.29565,0.78661,2
1.2233,0.84009,0.4203,0.92138,0.36875,0.51935,0.59491,0.91237,3.0369,0.74087,0.37361,0.83914,2
0.26291,0.9784,0.48974,0.98687,0.0339,0.64798,0.88947,0.98448,0.2021,0.97937,0.39163,0.95278,2
0.5047,0.56375,0.5411,0.90806,0.73863,0.45131,0.47388,0.8683,1.7246,0.56361,0.49065,0.85242,2
0.50928,0.97899,0.49189,0.9901,0.19038,0.41055,0.57062,0.91409,0.88543,0.92295,0.23706,0.80293,1
0.6674,0.88426,0.41632,0.93201,0.43266,0.61628,0.51408,0.90565,3.0651,0.71786,0.33387,0.8236,2
0.71972,0.37754,0.38733,0.84983,0.90286,0.48449,0.36775,0.83477,4.1797,0.43301,0.37874,0.77704,2
2.6505,0.83407,0.29818,0.87593,1.4226,0.57908,0.46163,0.86266,3.7055,0.69913,0.25605,0.79927,1
8.6469,0.40834,0.25659,0.75999,2.2925,0.53906,0.55203,0.84995,5.8464,0.36476,0.22832,0.70954,1
1.0752,0.82348,0.39599,0.91888,0.07644,0.31434,0.81792,0.96178,2.1322,0.80142,0.38261,0.87131,1
0.97655,0.43707,0.38582,0.84442,2.8893,0.33376,0.3353,0.78735,2.8911,0.51569,0.32058,0.76454,1
0.21293,0.80269,0.51031,0.93762,0.41847,0.61505,0.50247,0.90998,2.804,0.70297,0.47834,0.86728,2
1.5584,0.83755,0.4004,0.92695,0.41991,0.70783,0.38475,0.91163,2.5436,0.80476,0.34246,0.85091,1
0.61052,0.90295,0.47125,0.92465,1.597,0.41067,0.61453,0.87936,1.5701,0.77649,0.45194,0.86673,2
4.8486,0.49934,0.30184,0.79651,1.7238,0.45545,0.41486,0.81444,4.1029,0.45171,0.25007,0.72757,1
1.1973,0.89938,0.39941,0.93562,0.079596,0.49908,0.8448,0.97039,1.8964,0.85754,0.35624,0.88134,2
2.2842,0.58586,0.40861,0.85465,0.85627,0.5085,0.2264,0.82336,5.699,0.52001,0.19133,0.74149,1
1.0769,0.81091,0.40525,0.94297,1.601,0.71354,0.28685,0.83882,1.9215,0.82495,0.25046,0.83006,2
1.5026,0.87959,0.44082,0.94289,0.12872,0.46457,0.86176,0.96964,1.9921,0.84454,0.38669,0.87058,2
0.46564,0.95854,0.50003,0.97358,0.28816,0.46431,0.68515,0.93331,1.5436,0.8638,0.37977,0.87711,2
0.48612,0.97016,0.44729,0.98072,0.025214,0.54208,0.97331,0.99461,0.38546,0.9654,0.44466,0.92119,2
0.12474,0.80371,0.48066,0.9622,0.98076,0.66025,0.24983,0.83279,2.4524,0.75004,0.24156,0.78578,2
1.6836,0.81392,0.48563,0.92597,0.69318,0.5951,0.61686,0.91116,2.9838,0.69875,0.36709,0.83002,2
0.61299,0.57703,0.47843,0.89264,1.3459,0.5329,0.44968,0.84076,1.5329,0.56373,0.44804,0.83409,1
0.73071,0.94254,0.30728,0.90999,1.0131,0.36438,0.64399,0.88725,1.3324,0.87552,0.29129,0.8261,2
1.1103,0.38765,0.49283,0.86295,2.5886,0.38624,0.4721,0.81172,1.375,0.41832,0.49326,0.83732,1
1.3767,0.92545,0.42614,0.92856,0.084712,0.30679,0.82275,0.96286,2.2263,0.7895,0.38559,0.88049,1
