1.6711,0.9097,0.4309,0.95435,0.15017,0.14401,0.97458,0.99405,1.0803,0.89889,0.39139,0.88264,1
1.5834,0.88471,0.65863,0.96821,0.0067555,0.91476,0.96118,0.99681,0.92116,0.88691,0.64447,0.95047,2
0.078033,0.81606,0.5724,0.96396,0.41706,0.76528,0.46725,0.92735,2.2165,0.83847,0.43416,0.90053,2
0.079504,0.72385,0.9891,0.99789,0.11411,0.75586,0.47869,0.94804,2.3915,0.81,0.39966,0.90384,2
1.5385,0.90007,0.53054,0.96461,0.31955,0.84893,0.82631,0.96052,1.0382,0.88749,0.50675,0.93048,2
4.3658,0.79226,0.28495,0.86878,0.71834,0.41561,0.68632,0.91864,3.715,0.65625,0.20536,0.75511,1
0.46477,0.4774,0.65399,0.95111,1.8955,0.58529,0.37046,0.83494,2.1602,0.73234,0.35694,0.81535,2
0.11025,0.59149,0.64491,0.94655,3.9354,0.57201,0.39682,0.80443,2.6495,0.60589,0.39226,0.82431,2
3.5916,0.7692,0.31242,0.89116,0.40214,0.61228,0.60096,0.92304,2.94,0.72354,0.27131,0.8016,1
0.31621,0.41025,0.94112,0.98813,0.3629,0.52335,0.67913,0.94889,1.9236,0.88091,0.38133,0.90731,2
0.90218,0.89514,0.52076,0.952,0.86754,0.68186,0.4146,0.89933,1.7428,0.79509,0.37007,0.87875,2
2.3463,0.7839,0.30495,0.88517,1.33,0.59792,0.47399,0.87105,3.0252,0.6972,0.28253,0.79389,1
1.2599,0.75524,0.36155,0.91003,0.90752,0.64227,0.4071,0.87274,2.3795,0.73906,0.33855,0.81586,1
0.049479,0.54263,0.84533,0.97532,2.3109,0.52883,0.56532,0.87811,2.2013,0.77523,0.40182,0.86196,2
1.9549,0.74381,0.24543,0.87659,0.92915,0.5668,0.22863,0.82629,3.2175,0.68592,0.18347,0.74838,1
1.0514,0.92948,0.36341,0.90756,1.0306,0.28376,0.71872,0.90838,2.4773,0.76349,0.35609,0.84659,1
0.29219,0.42428,0.47516,0.90201,2.0989,0.43206,0.38343,0.81196,4.3852,0.52407,0.35946,0.77425,2
1.9245,0.80768,0.35292,0.86468,2.574,0.32995,0.60028,0.86212,2.8521,0.67819,0.32741,0.7934,1
1.1191,0.88689,0.35003,0.89288,2.1133,0.43954,0.54075,0.84815,2.2551,0.74202,0.32464,0.82443,2
1.1663,0.92956,0.50867,0.97108,0.0023284,0.28855,0.9944,0.99884,0.77171,0.91612,0.43251,0.89249,2
1.7264,0.87425,0.60191,0.9571,0.15634,0.66843,0.89046,0.97938,0.9152,0.85561,0.59372,0.92244,2
0.98428,0.94358,0.56864,0.97054,0.23055,0.26,0.97031,0.99198,0.43343,0.95136,0.56182,0.94274,1
0.5065,0.70676,0.39189,0.90876,1.9133,0.61257,0.34685,0.82898,1.8348,0.74098,0.33665,0.81643,1
2.3074,0.71414,0.32301,0.87891,0.51762,0.60242,0.54597,0.90603,3.459,0.70418,0.29522,0.81003,2
1.7872,0.86335,0.39102,0.88906,2.3297,0.27974,0.71212,0.89233,1.9281,0.78855,0.36627,0.84132,1
1.0603,0.93131,0.38013,0.96683,0.16987,0.79485,0.89124,0.97984,0.55852,0.96186,0.35303,0.92114,2
1.7336,0.79846,0.66985,0.94365,0.01731,0.57277,0.97235,0.99492,1.4582,0.74921,0.66474,0.91975,2
2.4366,0.62813,0.3567,0.821,3.4839,0.3107,0.51635,0.82563,3.3416,0.588,0.3414,0.79387,1
1.9981,0.78862,0.36918,0.88454,2.7839,0.60288,0.5596,0.86566,1.5003,0.7252,0.34913,0.83366,1
0.57417,0.9751,0.4337,0.98036,0.011612,0.46369,0.97994,0.99646,0.59105,0.96127,0.33647,0.88419,1
0.75181,0.94429,0.40684,0.96425,0.26608,0.72325,0.72496,0.95373,1.3147,0.91098,0.34598,0.89981,2
0.88595,0.94808,0.57669,0.9729,0.39899,0.60924,0.9357,0.98291,0.60646,0.94239,0.57978,0.92895,1
1.0846,0.91956,0.42299,0.94762,0.071967,0.51497,0.86155,0.97492,1.5995,0.86643,0.40826,0.89476,1
4.9914,0.53601,0.29357,0.83369,0.90794,0.52872,0.46495,0.86706,3.4769,0.54367,0.25751,0.74694,1
3.4645,0.7181,0.32019,0.86319,0.5919,0.77692,0.56529,0.91377,6.1322,0.64839,0.22043,0.7945,2
0.81901,0.95409,0.50754,0.97327,0.12224,0.28338,0.96454,0.99088,0.50201,0.95056,0.50081,0.91732,1
0.23333,0.85032,0.36605,0.93876,2.1599,0.74699,0.30981,0.8272,1.3886,0.79421,0.30305,0.83032,1
1.8319,0.79034,0.35463,0.88654,1.4491,0.57127,0.4951,0.87642,3.2662,0.68239,0.31571,0.80036,2
1.3928,0.76686,0.69066,0.94203,2.0733,0.52081,0.42374,0.83385,3.0068,0.56049,0.41749,0.81721,2
1.7639,0.83638,0.49073,0.93732,0.10688,0.75179,0.51158,0.95044,1.6029,0.82066,0.42899,0.8785,1
1.4264,0.61031,0.36245,0.88633,3.5029,0.68024,0.30507,0.80202,1.3678,0.66291,0.32927,0.84661,1
2.4805,0.67831,0.43837,0.86368,2.1356,0.3962,0.62638,0.87075,2.1373,0.55528,0.4343,0.831,1
3.1836,0.84982,0.40413,0.928,0.66737,0.76836,0.61264,0.90831,1.6074,0.81921,0.35138,0.84025,2
0.17687,0.50515,0.5291,0.91891,2.4579,0.50883,0.44739,0.83203,2.6161,0.54574,0.42766,0.82206,2
0.39899,0.57198,0.48705,0.93993,1.7671,0.63762,0.34716,0.83745,1.8226,0.73091,0.33563,0.82923,2
1.6004,0.8758,0.40866,0.93109,0.27129,0.56025,0.75309,0.9464,2.1417,0.80474,0.37351,0.87313,2
2.0955,0.74884,0.45952,0.90546,1.0486,0.635,0.39732,0.8512,2.8091,0.66199,0.33588,0.7988,2
0.85412,0.86302,0.53308,0.93331,1.0793,0.52459,0.44142,0.85842,2.8737,0.75619,0.25704,0.81831,2
2.5351,0.7664,0.27193,0.89716,0.77149,0.63759,0.51246,0.89473,2.9603,0.72681,0.2129,0.78693,2
0.087898,0.56358,0.72636,0.95822,2.3109,0.60956,0.63289,0.8933,1.8686,0.57715,0.6337,0.90067,2
2.8512,0.64549,0.41651,0.87462,0.43333,0.63447,0.61626,0.91569,3.7303,0.59654,0.40671,0.81924,1
0.40185,0.66168,0.55501,0.94445,1.1039,0.62996,0.32928,0.86841,2.4042,0.76229,0.31603,0.8379,2
0.78686,0.43974,0.49771,0.86238,3.5153,0.35352,0.46663,0.80485,2.554,0.37339,0.48737,0.8191,1
0.64589,0.95816,0.40159,0.97732,0.042923,0.60136,0.92833,0.98793,0.3979,0.95582,0.35934,0.90068,2
0.88281,0.76119,0.67701,0.94483,0.469,0.61906,0.60777,0.91576,1.5623,0.616,0.5884,0.8897,2
1.7835,0.63976,0.68383,0.93043,4.1642,0.35284,0.39114,0.77621,3.7908,0.39259,0.38392,0.7733,2
2.1565,0.77007,0.24022,0.87955,0.68542,0.63516,0.45302,0.89222,3.5172,0.71664,0.20713,0.78871,2
0.80409,0.69815,0.3699,0.90633,1.573,0.56234,0.28962,0.8151,1.8086,0.73925,0.2862,0.79556,1
0.36336,0.93814,0.71851,0.98171,0.21768,0.56085,0.83853,0.96652,0.98873,0.88842,0.59843,0.94064,2
3.046,0.79217,0.42274,0.90953,1.4798,0.67223,0.47189,0.88129,2.6828,0.68194,0.35452,0.84232,2
1.5259,0.88406,0.57087,0.96577,0.28695,0.75423,0.8837,0.97088,0.74557,0.91881,0.5637,0.92809,2
2.645,0.82459,0.21437,0.87494,0.54988,0.56527,0.49222,0.88859,3.7366,0.71572,0.17677,0.75676,1
0.89498,0.9496,0.38641,0.9732,0.18663,0.74072,0.92266,0.98105,0.52125,0.95936,0.31971,0.89598,2
0.44295,0.56232,0.53366,0.91412,1.0748,0.57591,0.53378,0.88119,2.1942,0.60251,0.5092,0.85715,1
0.91031,0.80149,0.45079,0.91517,1.1863,0.55436,0.44429,0.85981,3.4605,0.6215,0.35026,0.80988,2
0.76114,0.96182,0.30693,0.93357,0.23824,0.34605,0.78263,0.94532,2.0535,0.86147,0.26807,0.85052,1
0.92673,0.63121,0.42933,0.9003,3.2028,0.6681,0.38242,0.81035,1.2658,0.69743,0.42808,0.85644,1
1.3169,0.92694,0.36265,0.9629,0.25885,0.75875,0.85376,0.96937,0.64038,0.94529,0.3242,0.87639,2
0.24257,0.98019,0.48703,0.98675,0.06973,0.87497,0.51742,0.96835,0.31751,0.96792,0.37038,0.9176,1
1.0697,0.66919,0.51389,0.91626,0.27748,0.55268,0.56027,0.91936,3.0407,0.66074,0.47387,0.85125,2
1.6266,0.71726,0.19163,0.81792,5.3893,0.34871,0.17106,0.739,4.1951,0.5203,0.16907,0.72867,1
1.4257,0.88346,0.29601,0.86845,1.7627,0.46175,0.55955,0.86651,2.5704,0.76576,0.26172,0.79448,1
1.6021,0.88938,0.43495,0.91655,1.0303,0.20267,0.8102,0.93461,1.6367,0.81918,0.42403,0.88525,1
1.8669,0.79914,0.68919,0.94919,0.61765,0.81433,0.69023,0.92996,2.0748,0.65309,0.60079,0.89715,2
1.5429,0.82788,0.30901,0.89051,0.84986,0.60692,0.52627,0.88613,2.8914,0.74764,0.29088,0.83846,2
1.567,0.8343,0.29188,0.90293,1.059,0.59763,0.43857,0.87259,1.7932,0.78416,0.24769,0.80572,1
1.3026,0.86754,0.27524,0.9034,0.88438,0.61485,0.41929,0.86421,2.4284,0.73419,0.20612,0.7789,1
1.5829,0.85567,0.39386,0.90558,0.4515,0.46687,0.68242,0.92153,2.7341,0.75382,0.37244,0.83194,1
0.72066,0.92543,0.70857,0.98206,0.064001,0.44693,0.95467,0.99164,0.87693,0.92872,0.44093,0.94595,2
0.22549,0.39161,0.63332,0.92307,1.8101,0.39698,0.60848,0.86845,2.0502,0.43673,0.60564,0.86832,2
0.88768,0.56796,0.34726,0.87044,3.2002,0.50103,0.27575,0.77027,2.1325,0.67832,0.2705,0.77748,1
0.44459,0.97639,0.42109,0.98271,0.016973,0.63951,0.97343,0.99532,0.50515,0.95457,0.27095,0.8675,1
0.2424,0.86884,0.38165,0.94982,1.3847,0.75244,0.25838,0.8271,1.3472,0.82237,0.24129,0.80984,1
2.3863,0.5025,0.29962,0.795,3.4766,0.33652,0.29728,0.77232,4.3894,0.33955,0.28334,0.73971,1
0.65902,0.5462,0.42597,0.89548,1.355,0.5335,0.41196,0.84464,2.8578,0.62991,0.38103,0.81832,1
0.8301,0.81104,0.70321,0.9617,0.5578,0.69702,0.50398,0.90837,2.6574,0.74209,0.45691,0.86416,2
0.48157,0.70195,0.46973,0.916,0.49583,0.5918,0.44121,0.88634,2.4663,0.66118,0.42082,0.82536,1
2.828,0.49912,0.3741,0.85739,0.79233,0.50548,0.42858,0.86055,2.6345,0.54939,0.35227,0.80002,1
0.76544,0.95458,0.38069,0.97395,0.048851,0.6006,0.94535,0.99029,0.46371,0.95344,0.34356,0.89511,2
3.4559,0.58749,0.40475,0.86231,0.40631,0.52746,0.62169,0.91449,3.8974,0.54551,0.38004,0.79704,1
0.15083,0.55375,0.54109,0.92542,2.455,0.42959,0.3938,0.81919,3.1361,0.57917,0.38907,0.80484,2
0.50279,0.702,0.47979,0.91837,1.066,0.6158,0.48496,0.87963,2.1811,0.72969,0.47311,0.85596,1
0.45778,0.45755,0.48978,0.8918,2.0699,0.46621,0.48795,0.83969,2.4506,0.49975,0.4848,0.83567,1
1.6029,0.79235,0.52658,0.92443,0.25832,0.8031,0.53141,0.93249,1.4654,0.72749,0.51734,0.90982,1
0.69167,0.93609,0.53022,0.97139,0.082981,0.70833,0.63961,0.95855,0.82713,0.92715,0.46508,0.9236,1
0.66536,0.9699,0.39961,0.97483,0.014553,0.54329,0.96591,0.99385,0.50057,0.96036,0.33075,0.89383,1
0.93238,0.74072,0.79821,0.9638,0.23379,0.62507,0.74477,0.94876,0.97794,0.66159,0.71946,0.9302,2
2.0229,0.80336,0.48288,0.90232,0.73438,0.57152,0.51826,0.88103,3.2242,0.61977,0.39796,0.81799,2
0.67647,0.73074,0.44286,0.94233,1.5123,0.70429,0.3072,0.84673,2.6421,0.78879,0.29274,0.81694,2
1.2366,0.91701,0.2828,0.89462,0.62874,0.45202,0.58457,0.89022,2.5528,0.75029,0.25971,0.80427,1
5.0547,0.66165,0.2519,0.83954,0.68382,0.5969,0.47469,0.88527,4.9564,0.58901,0.19968,0.72427,1
1.2578,0.78176,0.60391,0.93538,0.29004,0.70191,0.60023,0.93452,2.4898,0.77822,0.42451,0.8686,2
0.49522,0.97677,0.41141,0.98216,0.17063,0.12971,0.975,0.99377,0.62281,0.95946,0.37315,0.90849,1
0.2401,0.5435,0.51108,0.92607,3.285,0.56377,0.43306,0.83109,2.9843,0.59819,0.42644,0.83137,2
0.010018,0.82183,0.93385,0.99499,0.46308,0.74128,0.65615,0.9426,2.1795,0.84384,0.46435,0.90127,2
0.87021,0.6797,0.39084,0.90557,2.0759,0.60193,0.3657,0.84417,1.7315,0.79034,0.32544,0.83229,1
1.1211,0.84375,0.32388,0.87018,2.4334,0.39781,0.47669,0.8322,4.17,0.61964,0.28638,0.77815,2
0.23295,0.71248,0.40913,0.93142,1.3952,0.65972,0.29182,0.83751,1.9865,0.79037,0.27425,0.80754,2
2.0124,0.79511,0.23117,0.89158,1.6394,0.61497,0.29769,0.82039,3.7107,0.66858,0.14176,0.74994,2
0.79991,0.87386,0.49228,0.94809,0.82889,0.71871,0.5707,0.91881,2.1626,0.81627,0.41364,0.8863,2
2.1294,0.59381,0.4583,0.89225,0.66941,0.65149,0.64366,0.92836,4.0233,0.67879,0.45841,0.83811,1
0.34651,0.97029,0.41607,0.95853,0.27865,0.62868,0.39009,0.9228,1.7229,0.84411,0.28783,0.84254,1
0.5771,0.68027,0.41373,0.91523,1.7585,0.69052,0.35553,0.83588,2.2359,0.76074,0.36063,0.8278,1
2.2734,0.79222,0.59348,0.93249,0.062194,0.65436,0.9195,0.98565,1.8489,0.7503,0.55247,0.90634,2
0.55597,0.97617,0.39318,0.9726,0.023989,0.35191,0.94828,0.98959,0.70077,0.95809,0.27037,0.87761,1
2.9187,0.70378,0.54123,0.90827,0.22126,0.5693,0.72784,0.9448,2.1928,0.72502,0.43927,0.8564,2
1.3066,0.79815,0.34331,0.88517,1.282,0.44117,0.35549,0.85129,3.1423,0.68543,0.31322,0.80547,1
0.054733,0.76353,0.7168,0.97263,1.2921,0.72444,0.32097,0.88689,3.3074,0.79038,0.32527,0.86399,2
0.34219,0.79548,0.41903,0.93115,1.1029,0.6201,0.36391,0.85347,2.0701,0.76338,0.33464,0.81064,1
0.32851,0.68752,0.39742,0.91969,1.8654,0.6078,0.36887,0.83662,1.8121,0.72551,0.35365,0.82217,1
0.15072,0.71174,0.56232,0.94611,0.73154,0.60269,0.34971,0.87338,2.257,0.70306,0.3393,0.82923,2
0.396,0.66227,0.42946,0.91089,3.2564,0.6515,0.41426,0.83276,2.0339,0.6812,0.41556,0.84543,1
0.79026,0.45446,0.34946,0.84989,6.2688,0.3902,0.31923,0.75198,2.4281,0.53392,0.34173,0.78692,1
2.2265,0.87645,0.3976,0.91755,0.24182,0.4106,0.80937,0.95225,3.6106,0.77821,0.37315,0.85711,1
2.3387,0.84999,0.51413,0.94575,0.72451,0.74216,0.67395,0.93316,0.71374,0.85732,0.50687,0.90891,2
0.2184,0.98174,0.49164,0.98745,0.0606,0.90662,0.51823,0.97408,0.3144,0.96566,0.37997,0.92694,1
1.6585,0.8485,0.51204,0.94481,0.24102,0.86118,0.39832,0.93479,0.98667,0.86984,0.38256,0.91527,2
2.1269,0.81948,0.22102,0.86922,2.0231,0.50219,0.43863,0.84293,2.4895,0.72154,0.19155,0.77167,1
0.15198,0.98699,0.45678,0.97844,0.11144,0.86896,0.48223,0.95216,0.61233,0.94917,0.35151,0.90519,1
1.7573,0.88726,0.39977,0.91919,0.39167,0.31478,0.75192,0.94088,3.0643,0.81344,0.37079,0.83919,1
2.2888,0.79583,0.42654,0.91936,1.3232,0.69893,0.32193,0.83966,2.2069,0.72218,0.28572,0.81261,2
2.6691,0.64682,0.35577,0.83354,2.0622,0.4121,0.4973,0.8369,2.2461,0.52235,0.34651,0.79599,1
1.0903,0.80236,0.72963,0.96398,1.137,0.65154,0.33378,0.86761,1.9559,0.80492,0.32232,0.85345,2
0.2697,0.73171,0.34854,0.92012,3.6076,0.66109,0.30336,0.81123,2.4017,0.77558,0.29813,0.81582,1
0.31189,0.16915,0.72919,0.93019,2.5999,0.17556,0.73136,0.90179,1.4965,0.43389,0.70013,0.89803,1
2.363,0.67971,0.32221,0.82382,3.8017,0.34033,0.47036,0.82158,3.3884,0.6277,0.29674,0.76892,1
0.20049,0.83056,0.41198,0.94636,1.1164,0.63488,0.35495,0.86651,1.3394,0.8454,0.32779,0.83585,2
1.9342,0.73263,0.27046,0.85056,2.5973,0.57302,0.32514,0.79696,2.8128,0.62929,0.23237,0.77831,1
2.4786,0.71693,0.28308,0.85859,0.49576,0.59661,0.31124,0.8733,3.8507,0.62684,0.24695,0.79268,1
0.91887,0.76351,0.53906,0.95699,0.45309,0.80976,0.37839,0.9171,1.2055,0.88791,0.36475,0.89204,2
1.7578,0.84649,0.64786,0.95987,0.99539,0.80627,0.44019,0.893,1.6381,0.77655,0.43345,0.88083,2
1.2165,0.92262,0.52489,0.96586,0.0054534,0.70204,0.98306,0.9976,0.88578,0.91105,0.48007,0.90625,1
0.85374,0.50651,0.37522,0.85379,3.6218,0.43326,0.32363,0.78567,3.0203,0.54693,0.32032,0.76878,1
2.9355,0.74172,0.57951,0.91325,0.088113,0.6655,0.93261,0.9854,2.5084,0.61273,0.57599,0.88762,2
1.2851,0.76568,0.66384,0.92851,1.9074,0.1786,0.8215,0.93389,1.2695,0.63457,0.66227,0.90265,1
1.2771,0.78788,0.48479,0.92642,1.6039,0.63542,0.35537,0.83149,2.0023,0.67297,0.34296,0.82259,2
1.4226,0.89198,0.39599,0.92674,0.61149,0.56018,0.62941,0.91041,2.3316,0.77432,0.3168,0.82172,2
1.6763,0.71979,0.34508,0.88397,0.88672,0.58324,0.35159,0.86778,3.0604,0.67357,0.33518,0.81987,1
1.6534,0.86962,0.41052,0.90508,1.493,0.3297,0.63454,0.88112,3.2993,0.61198,0.34829,0.79944,2
0.28649,0.68425,0.58284,0.93615,0.77433,0.58939,0.5694,0.8982,1.5958,0.69803,0.54582,0.88011,2
2.06,0.85499,0.46784,0.9149,0.57195,0.1981,0.84762,0.95047,1.5406,0.7915,0.45712,0.87617,1
1.6354,0.77111,0.5748,0.94291,1.4597,0.67933,0.4557,0.84989,1.6423,0.70483,0.46383,0.84726,2
1.0071,0.92499,0.29391,0.92926,0.92678,0.68095,0.41899,0.88563,3.388,0.77187,0.2437,0.84467,2
2.3033,0.83392,0.42332,0.90674,2.9703,0.45876,0.57544,0.86128,2.8058,0.62975,0.32064,0.79212,2
1.1308,0.87305,0.44104,0.93645,1.2478,0.66061,0.35874,0.85558,1.9805,0.80349,0.28649,0.8462,2
1.9645,0.71203,0.29916,0.86666,2.0095,0.58188,0.45253,0.84844,3.3913,0.61717,0.23639,0.78837,2
2.6509,0.65693,0.22303,0.85385,1.8244,0.60428,0.16042,0.79507,2.8278,0.6362,0.15849,0.77223,1
0.10332,0.64771,0.62203,0.95005,2.0294,0.6066,0.40386,0.8416,3.2588,0.66917,0.39384,0.82334,2
1.3462,0.89179,0.42725,0.93294,0.27716,0.58943,0.72738,0.94448,2.218,0.77797,0.38681,0.84038,1
2.8418,0.59445,0.26001,0.84035,1.4872,0.57754,0.36591,0.82698,4.5388,0.59403,0.2252,0.7395,1
0.47981,0.97854,0.42211,0.98559,0.0055147,0.5688,0.98785,0.99781,0.40862,0.96612,0.37006,0.91651,1
0.76942,0.93045,0.3126,0.88982,3.0656,0.22804,0.30096,0.83483,1.3499,0.8455,0.20231,0.81375,1
0.74292,0.95823,0.31963,0.91998,1.5608,0.24905,0.73324,0.90492,1.5378,0.85718,0.20698,0.81374,1
1.0003,0.90111,0.55202,0.94968,0.29851,0.5278,0.74187,0.93967,1.8474,0.79678,0.46837,0.88,2
1.0591,0.9416,0.5684,0.97206,0.058793,0.38497,0.95261,0.98946,0.54919,0.94186,0.55081,0.92957,1
0.88195,0.89752,0.37334,0.91945,1.5744,0.71597,0.52256,0.8759,1.4418,0.83678,0.34131,0.84749,1
1.253,0.92673,0.46184,0.96258,0.014124,0.52766,0.95618,0.99294,0.80999,0.92612,0.43247,0.90112,2
0.89715,0.60209,0.549,0.92562,0.59957,0.56883,0.57955,0.9074,2.5207,0.69998,0.52192,0.86462,1
1.9881,0.81761,0.41907,0.91898,1.0182,0.61524,0.46784,0.8676,3.3058,0.68802,0.27766,0.79008,2
0.15123,0.6227,0.58751,0.9346,3.0112,0.50868,0.32097,0.78429,2.3273,0.58166,0.31616,0.79095,2
2.5937,0.82461,0.54276,0.94693,0.0088235,0.65363,0.97704,0.9964,1.235,0.85826,0.51029,0.89771,1
2.4281,0.79216,0.3455,0.86187,2.4784,0.41073,0.53404,0.84722,2.4476,0.66711,0.3233,0.80204,1
0.46915,0.66547,0.41453,0.92121,2.4047,0.71267,0.38178,0.82227,1.1551,0.74097,0.39466,0.85352,1
1.2911,0.77149,0.4381,0.89696,0.48048,0.58654,0.54992,0.90743,2.2119,0.67424,0.41812,0.84683,1
1.6256,0.72962,0.46954,0.91535,0.1328,0.64442,0.6563,0.95648,2.6426,0.76606,0.44184,0.88269,2
3.6557,0.62761,0.26996,0.82796,2.1268,0.52104,0.45467,0.8298,4.1412,0.54719,0.24876,0.74927,1
2.3189,0.8203,0.32636,0.87881,1.5493,0.53237,0.59821,0.8824,2.5782,0.76753,0.30732,0.81483,1
0.52001,0.93576,0.3324,0.91232,0.99747,0.41933,0.45077,0.86273,2.2823,0.83303,0.28752,0.81682,1
1.3425,0.90198,0.57827,0.96696,0.020833,0.36895,0.97295,0.99406,0.90732,0.89486,0.56562,0.9167,2
0.35653,0.70761,0.49534,0.93509,0.86495,0.63106,0.44717,0.88247,2.1696,0.73764,0.42245,0.8457,2
0.89836,0.92188,0.46991,0.9638,0.11097,0.88569,0.4892,0.9544,0.78027,0.92265,0.39806,0.92215,1
2.2013,0.8448,0.29389,0.88188,0.43179,0.49846,0.64306,0.91594,3.5769,0.67792,0.25449,0.79311,1
5.9515,0.43821,0.30287,0.81035,1.1998,0.46709,0.52328,0.87104,5.258,0.44927,0.27137,0.74374,1
1.0898,0.92732,0.40086,0.95006,0.15175,0.54185,0.84523,0.96591,1.6554,0.86747,0.36047,0.86948,2
0.95881,0.51259,0.31498,0.86125,4.238,0.62859,0.30478,0.78006,3.0355,0.55949,0.2975,0.79026,1
1.5321,0.81906,0.58542,0.92299,2.629,0.53805,0.38771,0.80036,3.2809,0.52075,0.37145,0.78682,2
0.82002,0.94589,0.55272,0.97255,0.058701,0.40025,0.94318,0.98945,0.38536,0.95733,0.55864,0.95174,1
0.94125,0.81252,0.55277,0.93669,0.75435,0.6502,0.39907,0.88218,2.2871,0.77132,0.26541,0.83221,2
0.99876,0.9175,0.421,0.95587,1.5669,0.69978,0.54761,0.9058,1.5679,0.86458,0.33636,0.89903,2
0.43574,0.97766,0.41525,0.98385,0.016743,0.51167,0.97395,0.99506,0.40911,0.96082,0.34777,0.90751,1
0.12341,0.46409,0.66416,0.93893,3.73,0.3552,0.36042,0.79731,3.8294,0.66392,0.25663,0.78765,2
1.0983,0.92026,0.59486,0.97245,0.035953,0.69425,0.98113,0.99591,0.78353,0.91648,0.56392,0.92025,2
0.20395,0.98316,0.46212,0.98089,0.096385,0.934,0.3755,0.96151,0.38036,0.95553,0.31512,0.92349,1
2.2629,0.67838,0.43587,0.91891,0.41596,0.81751,0.44661,0.92066,2.4385,0.79517,0.33499,0.84413,2
0.21723,0.65865,0.68028,0.94891,0.24939,0.54819,0.67461,0.93664,1.7712,0.64809,0.64237,0.90534,2
0.44688,0.94188,0.63909,0.97257,0.11083,0.73829,0.76976,0.96941,0.31924,0.94798,0.64792,0.96569,1
1.8249,0.84197,0.3175,0.89868,1.1637,0.54285,0.49886,0.86426,3.2966,0.71365,0.24979,0.78238,2
0.55095,0.56916,0.45434,0.88973,2.2963,0.46133,0.44161,0.83996,2.7177,0.60807,0.41672,0.82164,1
0.29059,0.76667,0.40793,0.91965,1.5076,0.5966,0.37556,0.84221,2.2701,0.71617,0.35371,0.81529,2
1.0528,0.91233,0.47314,0.96022,0.09905,0.7685,0.51762,0.95357,1.0286,0.88582,0.40242,0.89751,1
1.4066,0.84068,0.37417,0.90276,0.66065,0.56811,0.56925,0.899,2.2654,0.73371,0.35382,0.83772,1
0.29098,0.97488,0.49584,0.98016,0.083517,0.81237,0.56076,0.9639,0.2907,0.96715,0.43076,0.93788,1
2.9376,0.67157,0.66171,0.92433,0.019792,0.51279,0.93998,0.9901,1.7115,0.63726,0.65728,0.91241,2
1.476,0.72009,0.54542,0.94061,0.98647,0.70592,0.34198,0.86814,1.797,0.83694,0.32562,0.82503,2
3.9608,0.7324,0.45244,0.89209,0.10539,0.55018,0.87419,0.97364,2.7754,0.71066,0.40873,0.83626,2
2.4809,0.76887,0.56672,0.93032,1.1759,0.74021,0.42919,0.87257,3.1327,0.66347,0.31808,0.81457,2
0.73434,0.83848,0.68075,0.95631,1.378,0.53886,0.54782,0.87242,2.8905,0.56562,0.48662,0.85258,2
0.6886,0.87541,0.38286,0.92358,2.2492,0.6485,0.31701,0.84937,3.2115,0.64467,0.30735,0.83437,2
0.3796,0.74309,0.40302,0.91747,2.2426,0.57399,0.37151,0.83938,2.124,0.74822,0.37093,0.82792,1
5.0142,0.729,0.32157,0.86966,0.20392,0.47741,0.74274,0.94731,4.347,0.68136,0.28176,0.79714,1
0.34308,0.96962,0.37617,0.94684,0.20623,0.72839,0.394,0.92411,2.0992,0.82066,0.24862,0.83548,1
2.7351,0.79608,0.52522,0.91672,2.4207,0.53961,0.32327,0.77778,2.1616,0.57789,0.32151,0.78153,2
4.2701,0.55362,0.33102,0.8145,2.5417,0.39942,0.4819,0.81805,3.1753,0.46194,0.32629,0.76185,1
1.2292,0.90263,0.35495,0.90733,2.1844,0.57432,0.63378,0.88714,1.3763,0.85739,0.30616,0.83305,1
1.3325,0.82243,0.34623,0.92111,0.8727,0.70213,0.40431,0.88555,1.5579,0.81919,0.28143,0.85272,2
1.2431,0.6177,0.32155,0.90862,1.2328,0.63237,0.32604,0.83911,2.4957,0.75104,0.26962,0.78452,1
1.2172,0.8684,0.72298,0.97247,0.077819,0.6856,0.96384,0.99087,0.74416,0.86739,0.71254,0.94572,2
0.33496,0.69031,0.564,0.95765,0.65162,0.73488,0.49275,0.90901,1.5919,0.79836,0.47241,0.88135,2
2.5066,0.6028,0.30704,0.87346,1.9816,0.62321,0.2552,0.80575,3.5672,0.61396,0.20126,0.753,2
0.2757,0.6236,0.74342,0.95302,0.19053,0.4843,0.76011,0.94975,2.0465,0.60336,0.7421,0.92041,1
2.9305,0.72333,0.26584,0.83978,1.6377,0.43363,0.62353,0.879,2.6041,0.67558,0.23095,0.77927,2
0.45025,0.52678,0.55521,0.95497,1.3677,0.68493,0.43245,0.87979,2.0957,0.78587,0.41589,0.86439,2
0.42368,0.88988,0.46304,0.93443,0.85383,0.54948,0.47094,0.87219,2.8813,0.70401,0.34948,0.82307,2
0.8044,0.87434,0.49546,0.95558,0.70224,0.7088,0.63334,0.92844,2.6407,0.80186,0.41277,0.87259,2
0.29631,0.92105,0.52704,0.95506,1.1476,0.67984,0.36593,0.89528,2.5797,0.82769,0.2871,0.86809,2
1.0845,0.72034,0.53467,0.90399,2.2175,0.4111,0.57723,0.85776,2.4301,0.50056,0.50077,0.83564,2
2.4826,0.70411,0.69714,0.93984,0.23931,0.6934,0.87477,0.97241,1.3008,0.71937,0.69493,0.92606,2
0.65918,0.31189,0.53852,0.87898,3.1126,0.32003,0.53472,0.82472,2.0057,0.34651,0.54085,0.84042,1
0.14819,0.71188,0.4576,0.93415,1.7486,0.62379,0.3605,0.82814,2.5142,0.70757,0.33905,0.8023,2
0.71916,0.64701,0.31649,0.88998,3.1286,0.5525,0.30517,0.79091,1.8877,0.74439,0.28408,0.79681,1
1.6523,0.88302,0.3035,0.88956,0.54864,0.58131,0.58136,0.90329,3.2743,0.70038,0.27869,0.79754,1
1.841,0.81443,0.6496,0.95024,0.71206,0.67424,0.45465,0.89132,3.4113,0.68228,0.40429,0.83862,2
2.1915,0.84067,0.34101,0.87185,1.8129,0.44219,0.56286,0.86417,2.8459,0.68999,0.31882,0.80224,1
0.8568,0.4291,0.38529,0.84249,5.7032,0.40158,0.36825,0.77168,3.6737,0.45763,0.35832,0.78113,1
1.1366,0.62104,0.55293,0.89988,0.91835,0.49123,0.60077,0.89589,2.7228,0.56049,0.52665,0.862,2
0.4635,0.45914,0.69486,0.93023,1.984,0.48798,0.69156,0.90328,1.165,0.52896,0.69809,0.91299,1
0.57554,0.63672,0.49974,0.91373,0.78222,0.57556,0.48909,0.87878,2.6573,0.65702,0.47291,0.84258,1
4.4299,0.55432,0.27689,0.82036,0.54911,0.62742,0.44446,0.88543,5.9213,0.56039,0.2502,0.74221,1
3.0642,0.76192,0.27621,0.85582,1.9252,0.47804,0.46102,0.83642,4.8632,0.52749,0.22575,0.73981,2
1.9322,0.86237,0.47598,0.93264,0.12975,0.35018,0.87568,0.96922,2.1452,0.81749,0.41649,0.86944,1
3.3366,0.74073,0.31677,0.86607,0.96267,0.50962,0.54314,0.88037,4.8793,0.57274,0.26617,0.77338,2
1.4914,0.81134,0.6055,0.94687,0.55142,0.69226,0.55638,0.91775,2.3876,0.86835,0.34707,0.88089,2
2.2415,0.78257,0.47571,0.88867,0.62883,0.35629,0.66435,0.90698,2.9504,0.64538,0.46455,0.83517,1
0.055132,0.65396,0.78859,0.97243,2.1406,0.5524,0.41155,0.87306,4.5851,0.62166,0.40146,0.83613,2
0.1034,0.68888,0.64781,0.95892,2.0456,0.69678,0.60991,0.89771,1.0084,0.72036,0.60965,0.91304,2
1.7253,0.85332,0.3717,0.90016,0.43946,0.53126,0.61939,0.91336,3.1404,0.73301,0.35037,0.81846,1
0.22678,0.44202,0.80207,0.95618,0.16569,0.31489,0.81913,0.95623,1.8842,0.48258,0.78149,0.9297,1
0.7405,0.55044,0.4418,0.88566,1.7026,0.56903,0.42539,0.83872,3.3351,0.57379,0.42016,0.81865,1
1.1668,0.81393,0.52798,0.93034,1.7809,0.59829,0.46585,0.85535,2.0914,0.71171,0.35068,0.83707,2
1.7821,0.88331,0.37918,0.94045,0.091513,0.47704,0.8813,0.97443,1.6854,0.86349,0.35321,0.87525,2
1.1632,0.796,0.70295,0.95003,0.059865,0.63859,0.8161,0.97362,1.0951,0.77484,0.65272,0.92913,2
0.47477,0.48939,0.61272,0.93725,1.2652,0.50915,0.46912,0.85741,3.0138,0.59508,0.44893,0.82729,2
0.7824,0.74433,0.52357,0.92504,1.1633,0.65248,0.42327,0.88452,2.7377,0.7261,0.38794,0.85766,2
0.7506,0.65641,0.37349,0.89076,2.0698,0.65163,0.28168,0.79629,1.5091,0.66935,0.28921,0.81274,1
0.50996,0.71454,0.64615,0.95869,1.9591,0.65865,0.18093,0.8213,4.3956,0.64946,0.15711,0.75289,2
1.452,0.84851,0.25459,0.89045,1.0609,0.59719,0.41199,0.85461,3.2731,0.7056,0.22995,0.76789,1
0.40547,0.98088,0.36038,0.98225,0.0037684,0.42645,0.99169,0.9984,0.5273,0.95766,0.3184,0.8895,1
2.588,0.74157,0.27451,0.88014,0.59199,0.58293,0.57216,0.90542,3.5525,0.6929,0.24545,0.77949,1
2.0512,0.84842,0.41378,0.93587,1.024,0.75418,0.50393,0.90021,2.3593,0.85138,0.24332,0.86453,2
0.37057,0.97757,0.36881,0.98281,0.010049,0.69239,0.96511,0.99524,0.37972,0.96896,0.32052,0.90754,1
1.3379,0.72671,0.29297,0.87566,2.0621,0.54184,0.22879,0.79081,2.709,0.67168,0.22524,0.76477,1
0.25688,0.65639,0.48476,0.93516,2.0147,0.65559,0.46704,0.86979,2.7531,0.73891,0.46143,0.8581,1
2.7697,0.58706,0.58065,0.89289,0.18231,0.39155,0.66951,0.93011,2.2191,0.6652,0.594,0.88828,1
1.2563,0.91453,0.39263,0.9654,0.22289,0.79044,0.83429,0.96798,0.63094,0.96136,0.29276,0.9074,2
0.59331,0.64813,0.36453,0.86966,7.7488,0.32382,0.33321,0.75677,3.4764,0.54726,0.33438,0.77882,1
0.98879,0.81713,0.60275,0.95112,1.5325,0.69211,0.42611,0.8491,2.2427,0.71195,0.41055,0.83359,2
1.0141,0.86126,0.31722,0.89254,1.6466,0.6649,0.40087,0.8227,1.6077,0.78209,0.27092,0.80825,1
0.21121,0.653,0.5142,0.92255,1.0618,0.47612,0.41108,0.83998,2.7928,0.58496,0.38473,0.80041,2
1.7625,0.84515,0.39857,0.92122,0.56703,0.63647,0.59751,0.91548,2.5622,0.75666,0.35123,0.83038,2
0.66909,0.6048,0.51741,0.90418,1.115,0.49946,0.50671,0.86747,2.6115,0.61694,0.4958,0.83857,1
2.0365,0.86651,0.33186,0.94252,0.45852,0.79224,0.54074,0.92609,1.3583,0.87486,0.22617,0.88474,2
1.0487,0.92059,0.3043,0.91903,0.64933,0.58112,0.57779,0.90642,2.6706,0.7891,0.24782,0.81229,1
1.076,0.92024,0.30713,0.92917,0.60156,0.5731,0.48927,0.89242,3.0555,0.79866,0.23536,0.77385,1
0.94488,0.77776,0.51834,0.93697,1.7002,0.64742,0.32284,0.84396,2.8659,0.75556,0.31084,0.81457,2
0.40011,0.97752,0.46423,0.98504,0.0020527,0.42661,0.99559,0.99908,0.38529,0.97004,0.39455,0.92477,1
0.3776,0.55075,0.60171,0.92545,0.81587,0.48871,0.58876,0.89126,2.3956,0.59475,0.56562,0.86856,1
0.47166,0.95071,0.4586,0.95525,0.82567,0.69274,0.47349,0.9376,0.83251,0.90266,0.45693,0.92812,1
1.138,0.85727,0.57734,0.9353,2.2248,0.50027,0.39212,0.83625,3.5274,0.65699,0.32016,0.80312,2
0.65712,0.59997,0.49209,0.90077,3.3227,0.32538,0.49827,0.84735,2.0959,0.69957,0.4737,0.84249,1
1.3543,0.78024,0.33331,0.89087,2.0964,0.63297,0.39332,0.83189,2.8019,0.67949,0.30362,0.80069,1
1.0501,0.77465,0.56621,0.93366,1.4049,0.63656,0.40464,0.84146,2.9364,0.65822,0.38399,0.81246,2
2.2903,0.82943,0.41361,0.92205,0.16932,0.57762,0.52358,0.92577,1.5639,0.78226,0.3802,0.87173,2
3.9669,0.71197,0.28074,0.85996,0.44789,0.55312,0.6447,0.92357,3.4224,0.63914,0.27009,0.77399,1
1.8379,0.76496,0.54756,0.92297,1.246,0.58582,0.46446,0.86356,3.2726,0.6694,0.35517,0.80681,2
0.3705,0.59448,0.36822,0.88546,2.45,0.51092,0.34072,0.81554,4.0193,0.5988,0.30792,0.77254,1
1.5896,0.90483,0.22146,0.8626,2.1564,0.44171,0.44164,0.81787,2.8791,0.75672,0.18974,0.75622,1
0.83926,0.92239,0.32654,0.91503,2.2668,0.51444,0.50496,0.84016,2.5441,0.80878,0.22944,0.79417,2
1.0683,0.88791,0.62878,0.9606,0.1928,0.63313,0.70228,0.95738,1.2943,0.92751,0.33805,0.91642,2
1.0401,0.91629,0.60632,0.95987,0.56487,0.61451,0.60657,0.91381,2.314,0.83486,0.26178,0.84963,2
1.2873,0.81234,0.60424,0.93516,0.28759,0.55487,0.69863,0.93734,1.5081,0.72832,0.53876,0.88949,2
0.31861,0.97229,0.39332,0.95624,0.27741,0.66001,0.40271,0.92231,1.7716,0.84036,0.29471,0.85005,1
1.3502,0.87192,0.74963,0.97387,0.030285,0.58154,0.96879,0.99379,1.2892,0.90774,0.5198,0.91869,2
2.677,0.83408,0.54639,0.94463,0.088909,0.0089865,0.99331,0.99768,1.7695,0.83609,0.5345,0.90306,1
1.1675,0.86546,0.37333,0.90204,0.68051,0.56707,0.54847,0.88964,3.3524,0.67498,0.3464,0.81088,1
1.3787,0.73283,0.42054,0.86532,4.0147,0.42313,0.48924,0.81296,1.5269,0.61786,0.4054,0.82627,2
1.3547,0.62021,0.43573,0.8495,5.3331,0.40763,0.41711,0.79626,1.8007,0.38197,0.46221,0.84366,1
1.1817,0.86948,0.53912,0.92056,1.2971,0.32838,0.60664,0.89037,1.9349,0.73783,0.47743,0.86506,2
2.1736,0.68732,0.33487,0.82903,5.5927,0.28984,0.51309,0.81425,2.7323,0.68339,0.32628,0.8078,1
2.3532,0.86206,0.45605,0.93861,0.051547,0.69879,0.97185,0.99357,1.3441,0.86509,0.42038,0.87897,2
1.2403,0.89629,0.5203,0.96639,0.029197,0.57739,0.96663,0.99374,0.69167,0.93366,0.49387,0.93497,2
1.0684,0.91079,0.36619,0.9201,0.547,0.49012,0.62046,0.9191,2.0007,0.79639,0.34685,0.86391,1
0.24847,0.62858,0.50658,0.92389,1.7887,0.66096,0.49064,0.85797,1.8438,0.68177,0.49006,0.85528,1
1.8359,0.78796,0.26297,0.86145,2.0362,0.59001,0.39796,0.82619,2.5687,0.66735,0.23449,0.77746,1
1.2467,0.63399,0.33852,0.90447,2.0677,0.60843,0.33041,0.81762,1.7211,0.74806,0.30567,0.80895,1
2.8917,0.68181,0.4879,0.90559,1.3428,0.61101,0.48298,0.8805,2.8813,0.70839,0.28386,0.81867,2
1.3678,0.73718,0.81765,0.96591,0.018444,0.3687,0.9588,0.99152,0.83594,0.78408,0.79846,0.95452,1
1.8036,0.80159,0.76214,0.96321,0.13385,0.68349,0.9043,0.98003,0.8765,0.77661,0.75821,0.94249,2
0.94971,0.90078,0.62071,0.95149,0.2417,0.56766,0.69083,0.9424,2.076,0.86204,0.4577,0.90388,2
2.7195,0.67424,0.40775,0.88707,0.99528,0.53365,0.50008,0.87376,3.8865,0.58978,0.32807,0.79794,2
3.4817,0.75691,0.3692,0.8607,2.6834,0.42636,0.65215,0.87807,2.2823,0.7017,0.35209,0.79944,1
0.29596,0.71449,0.39762,0.92195,0.85573,0.77374,0.35291,0.87543,3.0298,0.77558,0.20576,0.82674,2
0.44721,0.71574,0.38259,0.90945,1.9319,0.59247,0.33313,0.81456,2.1812,0.70301,0.31278,0.79106,1
1.4747,0.61192,0.52767,0.89677,0.47538,0.46274,0.53726,0.89279,2.8013,0.56876,0.53147,0.85545,1
1.8769,0.61707,0.243,0.87297,2.2226,0.62779,0.16934,0.80961,3.0898,0.71141,0.16957,0.77444,1
2.4056,0.86182,0.43123,0.93775,0.0065257,0.57582,0.98761,0.9976,1.8794,0.84374,0.37773,0.89294,1
0.5303,0.97026,0.47289,0.98231,0.0037071,0.54215,0.99129,0.99852,0.67198,0.95411,0.37248,0.91716,1
0.61146,0.72717,0.39222,0.92498,1.4225,0.59302,0.29763,0.83867,1.9617,0.79488,0.28901,0.80517,1
0.37502,0.59083,0.47024,0.92165,2.8656,0.65112,0.45034,0.83255,1.7141,0.6772,0.45879,0.85125,1
0.11605,0.70619,0.70488,0.96096,0.98166,0.53672,0.40218,0.85034,2.383,0.78101,0.22299,0.80024,2
0.31587,0.76823,0.46989,0.92805,0.79298,0.52503,0.4766,0.87035,2.7303,0.71675,0.41735,0.81003,1
1.6302,0.91781,0.26422,0.91887,2.0771,0.60554,0.46524,0.84602,2.3099,0.7861,0.21662,0.79906,2
0.5224,0.88005,0.46214,0.94031,0.37004,0.72451,0.4821,0.92226,1.6812,0.80637,0.35402,0.88996,2
1.1652,0.77304,0.61508,0.95584,1.8681,0.63404,0.52039,0.87287,1.7592,0.73349,0.52038,0.87167,2
1.19,0.6388,0.5189,0.9259,0.57757,0.70846,0.51012,0.91048,1.3315,0.76183,0.49871,0.8912,1
2.1415,0.8333,0.35672,0.88939,0.3485,0.40544,0.67123,0.91999,3.3907,0.68675,0.31313,0.80902,1
1.4854,0.89404,0.40546,0.90684,0.85772,0.21038,0.78348,0.92584,2.1736,0.78378,0.37449,0.8517,1
0.92423,0.88536,0.22026,0.89324,0.83833,0.58077,0.33685,0.85396,3.3644,0.71334,0.16138,0.7643,2
0.77223,0.94933,0.4169,0.96828,0.097886,0.69854,0.82266,0.97048,0.83166,0.935,0.34767,0.88968,2
0.23283,0.67745,0.66522,0.96887,0.32068,0.68154,0.53857,0.93671,2.5119,0.85101,0.50787,0.91612,2
0.68762,0.8996,0.30276,0.92917,0.91189,0.71167,0.38586,0.88276,2.1752,0.81754,0.2343,0.82532,1
2.8207,0.59374,0.34517,0.89529,0.85781,0.61435,0.43075,0.87353,2.4344,0.71403,0.28853,0.78278,1
1.3651,0.81236,0.30027,0.88625,2.2988,0.62707,0.38002,0.82586,2.6587,0.6724,0.27039,0.79415,2
1.4567,0.87995,0.29022,0.90247,0.84966,0.59319,0.53106,0.8866,2.5586,0.7362,0.26765,0.80549,1
0.55124,0.87497,0.86632,0.98558,0.12301,0.69493,0.70305,0.96818,0.53914,0.96109,0.4568,0.94413,2
2.2855,0.81932,0.20986,0.89023,1.005,0.72169,0.42662,0.88015,3.1046,0.7123,0.17644,0.77669,1
2.1044,0.8489,0.43532,0.92872,0.4458,0.72587,0.58796,0.92511,2.9901,0.73856,0.35335,0.83502,2
1.4741,0.86897,0.28328,0.88926,3.2599,0.45647,0.52385,0.83695,2.2722,0.784,0.23173,0.79047,2
0.57335,0.50982,0.55976,0.90106,3.0644,0.51402,0.54827,0.85787,1.509,0.54883,0.54738,0.87453,1
0.4462,0.79288,0.38803,0.92713,0.8568,0.61858,0.28579,0.85422,1.6456,0.80229,0.26443,0.79357,1
1.2109,0.87426,0.4786,0.92622,0.30123,0.56296,0.70719,0.93824,1.7863,0.77159,0.46195,0.87637,1
0.899,0.94033,0.55653,0.97089,0.051057,0.1847,0.96999,0.992,0.50077,0.94716,0.54727,0.93096,1
0.59245,0.61875,0.32758,0.8843,5.0313,0.67916,0.29885,0.7787,2.1704,0.59272,0.30268,0.81525,1
0.9672,0.45707,0.82016,0.95783,0.15688,0.31331,0.85004,0.96539,1.2612,0.5858,0.81507,0.94636,1
1.2152,0.47613,0.39902,0.87566,2.6645,0.65623,0.36835,0.81676,2.824,0.59132,0.3795,0.82434,1
0.6545,0.72512,0.50029,0.93817,0.54396,0.70208,0.50959,0.91909,1.3384,0.82164,0.47255,0.89354,1
1.9211,0.77192,0.45965,0.91377,0.37907,0.63813,0.56278,0.9211,2.0991,0.74224,0.3603,0.8644,2
2.6905,0.76998,0.60697,0.92783,0.26769,0.79577,0.83858,0.96665,1.6646,0.72589,0.60368,0.90731,2
0.72457,0.57433,0.47492,0.90443,1.34,0.53244,0.45492,0.85612,2.6327,0.66088,0.46021,0.83565,1
0.91903,0.90303,0.39157,0.92733,0.92855,0.56412,0.5636,0.88772,2.2994,0.77473,0.33983,0.83757,2
2.0773,0.87027,0.54668,0.94894,0.8002,0.60183,0.42244,0.89478,3.1764,0.74373,0.27427,0.843,2
0.73797,0.961,0.21462,0.89766,2.9977,0.35253,0.58449,0.85777,2.8894,0.72222,0.17945,0.76804,1
0.40689,0.25935,0.6857,0.92167,2.2602,0.29968,0.69012,0.89325,1.8449,0.34302,0.69193,0.89499,1
1.8786,0.87534,0.57209,0.95729,0.30659,0.8357,0.59178,0.95451,0.52914,0.79425,0.57383,0.94574,2
0.94968,0.86716,0.23003,0.8684,2.7791,0.47743,0.25065,0.79282,2.749,0.7116,0.21203,0.78476,1
2.3426,0.84824,0.50444,0.94399,0.073606,0.82678,0.84159,0.98238,1.2143,0.87697,0.50119,0.93895,2
4.2704,0.73093,0.49733,0.90013,0.54923,0.79156,0.76191,0.9427,2.1249,0.66859,0.48398,0.86079,2
1.1682,0.88255,0.57579,0.95071,0.24948,0.48757,0.77938,0.94847,2.1072,0.74664,0.4994,0.87701,2
1.1019,0.7081,0.37918,0.90342,1.7525,0.67013,0.33924,0.85752,1.6402,0.75615,0.34139,0.84853,1
2.8128,0.83195,0.41823,0.89157,1.4333,0.12032,0.81661,0.92833,3.5335,0.78768,0.40917,0.85937,1
2.0973,0.71661,0.41327,0.91205,0.79148,0.70588,0.43583,0.89528,3.1329,0.74167,0.31539,0.83003,2
0.38618,0.96591,0.49641,0.97873,0.11103,0.85611,0.58817,0.96985,0.35931,0.96779,0.41245,0.93712,1
2.8094,0.87743,0.43946,0.94332,0.018627,0.72188,0.96489,0.99427,1.4768,0.87992,0.35125,0.86514,1
3.7798,0.69196,0.36936,0.86539,0.81823,0.70077,0.4784,0.88311,3.5533,0.6343,0.22769,0.77369,2
1.2053,0.68314,0.79443,0.9562,0.33297,0.54214,0.7586,0.95371,1.2216,0.93204,0.35088,0.904,2
0.16826,0.76837,0.57911,0.96443,0.51229,0.76053,0.43734,0.90598,1.5923,0.84492,0.41082,0.85994,2
0.90962,0.89845,0.29743,0.91818,1.3593,0.62906,0.42074,0.85282,2.2165,0.78449,0.24799,0.79176,1
0.087531,0.83498,0.84786,0.98178,0.26996,0.67857,0.51598,0.93711,1.3766,0.88451,0.40875,0.90894,2
1.7083,0.67136,0.54431,0.89611,0.12474,0.5511,0.74907,0.95331,3.3267,0.59077,0.54159,0.86358,1
1.9496,0.66194,0.37586,0.88119,1.933,0.50353,0.28316,0.80539,3.1305,0.59793,0.23795,0.77377,2
0.69881,0.89566,0.77677,0.97247,0.050383,0.50591,0.89414,0.98077,0.75723,0.95403,0.4314,0.92921,2
1.3913,0.7789,0.6949,0.94632,0.52407,0.55578,0.82358,0.96131,1.4266,0.76618,0.71579,0.9334,1
0.057031,0.7984,0.6746,0.97185,0.66795,0.70495,0.4257,0.90378,2.3314,0.86729,0.19945,0.84381,2
2.0537,0.84484,0.66464,0.9583,0.32423,0.82422,0.73325,0.95329,0.74651,0.80519,0.65588,0.93269,2
0.28624,0.69613,0.39436,0.91836,1.8272,0.62252,0.32909,0.82241,1.8794,0.70792,0.33115,0.8139,2
1.6198,0.8834,0.31263,0.87799,0.92842,0.44881,0.60085,0.88092,2.5984,0.72133,0.26728,0.77692,1
3.0447,0.65424,0.43555,0.8449,2.1335,0.28348,0.67726,0.88223,2.443,0.57633,0.43302,0.82069,1
2.0273,0.85643,0.5596,0.94695,0.44098,0.77607,0.62846,0.93304,1.3825,0.82127,0.40114,0.88142,2
2.9772,0.68548,0.26177,0.87104,0.97525,0.54098,0.43522,0.86749,3.9331,0.67103,0.22839,0.76131,1
1.4746,0.78682,0.39158,0.89514,0.81172,0.54132,0.49688,0.88454,3.0233,0.72154,0.37633,0.84503,1
3.3007,0.66206,0.21408,0.787,3.6492,0.38009,0.30878,0.76159,4.0649,0.51755,0.1614,0.6994,1
0.85475,0.94956,0.33378,0.97223,0.092341,0.71841,0.9339,0.9857,0.54628,0.95611,0.275,0.87914,2
0.63739,0.96405,0.39483,0.9774,0.04205,0.73942,0.95945,0.99234,0.44053,0.9627,0.34158,0.90095,2
0.67034,0.74745,0.64321,0.95029,0.40362,0.69307,0.55515,0.91657,2.6367,0.71823,0.52456,0.87709,2
1.8056,0.87836,0.59777,0.96192,0.37557,0.85579,0.70257,0.95049,0.8297,0.87221,0.58439,0.93254,2
0.12004,0.99014,0.46353,0.9853,0.072641,0.91508,0.40373,0.96664,0.23594,0.97881,0.32814,0.94095,1
1.1706,0.94077,0.40647,0.9693,0.27816,0.81777,0.85573,0.96857,0.71294,0.94662,0.36706,0.89564,2
1.8243,0.87506,0.41898,0.92465,0.21215,0.49644,0.78639,0.95318,2.4189,0.79307,0.38301,0.85021,2
0.53485,0.97201,0.42263,0.98169,0.028186,0.64604,0.96039,0.99276,0.44738,0.95885,0.33389,0.88319,2
2.6692,0.75264,0.44176,0.86879,1.8401,0.29852,0.71536,0.90073,2.7637,0.62282,0.4345,0.82596,1
0.82577,0.45827,0.31592,0.84195,6.4303,0.41258,0.28219,0.74009,2.6728,0.58478,0.28159,0.77079,1
0.8171,0.9452,0.46583,0.95494,0.072855,0.25012,0.89502,0.97719,0.97085,0.91466,0.45086,0.92026,1
0.70916,0.89413,0.74644,0.9666,0.82669,0.74374,0.65296,0.91042,1.7203,0.63054,0.65241,0.90307,2
0.45856,0.67118,0.53574,0.92077,0.45895,0.56834,0.53795,0.90549,2.5067,0.65504,0.51132,0.85444,1
0.45925,0.43828,0.41226,0.87559,6.3476,0.39232,0.40142,0.79368,3.9568,0.50144,0.38818,0.79476,1
0.69516,0.63393,0.57439,0.92722,2.2909,0.48438,0.45964,0.82905,2.7977,0.72468,0.29425,0.81402,2
1.6674,0.81235,0.38089,0.88744,1.2541,0.33928,0.49928,0.87128,2.628,0.67043,0.30033,0.79724,2
3.783,0.71204,0.24195,0.85049,1.2272,0.53203,0.56163,0.87999,3.8809,0.64976,0.20434,0.74548,1
0.54191,0.9771,0.47667,0.98491,0.009712,0.53184,0.98088,0.99648,0.51616,0.96165,0.34823,0.89866,1
0.59157,0.93551,0.50154,0.95282,0.27701,0.6194,0.5672,0.93949,1.2968,0.84835,0.48636,0.90243,1
0.85683,0.47649,0.38422,0.85109,4.8728,0.36074,0.35149,0.78516,3.2593,0.57339,0.34515,0.78762,1
1.146,0.87821,0.60759,0.95588,1.0811,0.64113,0.35401,0.87054,2.8465,0.79449,0.25662,0.82106,2
1.1376,0.90043,0.26753,0.87706,2.7609,0.53084,0.47949,0.84325,2.2788,0.75782,0.24339,0.80009,1
0.94265,0.88876,0.35411,0.91486,1.0137,0.57766,0.4814,0.87392,2.3413,0.74319,0.32574,0.81249,2
3.0289,0.56758,0.24841,0.82058,3.4028,0.57707,0.21813,0.78032,2.5606,0.59058,0.22184,0.77279,1
1.0555,0.92689,0.40841,0.96623,0.13836,0.64924,0.93177,0.98604,0.51463,0.96698,0.39629,0.94516,2
0.84494,0.9471,0.42561,0.94264,1.1674,0.38478,0.80809,0.94078,2.5508,0.71413,0.42572,0.90124,2
1.5077,0.84716,0.7142,0.96349,0.064001,0.69418,0.94159,0.98855,0.85699,0.82712,0.71299,0.94114,2
0.21023,0.98121,0.5293,0.98775,0.053064,0.8756,0.61393,0.97582,0.27561,0.97452,0.45965,0.94073,1
0.89093,0.94877,0.53711,0.97159,0.20182,0.33374,0.9535,0.98664,0.41607,0.96018,0.53931,0.94539,1
0.95317,0.75919,0.51725,0.92059,0.97878,0.53596,0.62995,0.9098,2.1995,0.73195,0.51134,0.88041,1
0.60332,0.70763,0.35967,0.90729,1.9645,0.59913,0.27025,0.81318,1.9581,0.76744,0.26285,0.79134,1
0.20869,0.62511,0.76587,0.96261,0.23972,0.54279,0.77267,0.95323,1.5729,0.66504,0.73612,0.92693,1
2.3572,0.79446,0.46261,0.91177,0.49344,0.67949,0.56862,0.91351,2.517,0.70359,0.36736,0.83902,2
1.5145,0.66609,0.36706,0.87194,1.6482,0.52533,0.36369,0.82848,2.3447,0.64389,0.35739,0.81449,1
1.5808,0.83454,0.69141,0.95966,1.193,0.78499,0.45534,0.8835,1.7829,0.7757,0.43402,0.86922,2
0.26187,0.97836,0.45169,0.97788,0.15558,0.82509,0.42554,0.95253,0.54859,0.93871,0.32675,0.90222,1
0.83376,0.93841,0.41919,0.97031,0.012883,0.51812,0.96088,0.99362,0.79539,0.94514,0.32374,0.92222,2
2.1572,0.84089,0.62309,0.94868,0.10211,0.80705,0.77434,0.97133,1.1346,0.79167,0.61419,0.92189,2
0.90576,0.64927,0.50732,0.91303,0.74505,0.60383,0.50432,0.88642,2.2083,0.67853,0.50023,0.86267,1
2.8234,0.83486,0.59166,0.94805,0.0004902,0.11087,0.99896,0.99975,1.23,0.85108,0.56351,0.91873,1
3.4187,0.77769,0.30331,0.87508,1.7431,0.48734,0.74688,0.91626,3.4046,0.68323,0.25391,0.79126,2
0.61795,0.59214,0.2982,0.87107,1.8553,0.59804,0.25549,0.77486,2.6377,0.62749,0.25825,0.76568,1
0.52209,0.57514,0.54849,0.92641,0.86437,0.56778,0.55226,0.89035,2.3384,0.66948,0.5312,0.8647,1
1.8846,0.71127,0.272,0.85777,1.0496,0.49204,0.2582,0.8294,3.2114,0.67046,0.23385,0.7786,1
0.83059,0.89793,0.67898,0.97163,0.029289,0.56764,0.97527,0.99513,0.78817,0.91366,0.67256,0.95442,2
0.22592,0.51928,0.50723,0.91388,2.0925,0.54553,0.45647,0.83693,2.4647,0.57561,0.45385,0.83419,2
1.6115,0.89679,0.37765,0.91391,0.36572,0.48127,0.63718,0.92034,2.9296,0.76275,0.32972,0.82295,1
1.6352,0.61933,0.37441,0.8905,1.3221,0.61999,0.37404,0.85126,1.9405,0.68433,0.39107,0.83867,1
5.298,0.51811,0.28168,0.79171,2.3658,0.4036,0.48346,0.83297,4.1533,0.44561,0.24841,0.72044,1
3.8639,0.62147,0.41264,0.86685,0.38925,0.52573,0.68101,0.92551,5.6921,0.54368,0.36491,0.79056,2
1.1596,0.87411,0.45778,0.94899,1.1512,0.68043,0.3061,0.86546,2.8533,0.79276,0.22655,0.81602,2
1.5258,0.8729,0.37035,0.91721,0.71414,0.61167,0.56079,0.90141,2.3767,0.76088,0.31896,0.82446,2
0.085907,0.5203,0.82152,0.96892,1.2869,0.49283,0.68886,0.91403,1.9008,0.59224,0.67026,0.90039,2
0.44871,0.98128,0.46284,0.98566,0.0060049,0.59264,0.98279,0.99728,0.47079,0.96299,0.31288,0.88533,1
0.76215,0.94327,0.63071,0.97692,0.15345,0.67801,0.76457,0.96658,0.95132,0.94469,0.38517,0.94066,2
3.1503,0.72633,0.48324,0.89548,0.25213,0.46173,0.74251,0.94196,3.038,0.65044,0.42949,0.8334,2
0.64311,0.61419,0.46103,0.90737,3.9629,0.64927,0.42665,0.83719,1.8514,0.71292,0.42828,0.85061,1
3.1465,0.79857,0.2696,0.87075,0.35994,0.57197,0.65741,0.92866,2.6891,0.7005,0.24949,0.80019,1
0.54412,0.60657,0.51759,0.9067,1.6715,0.60196,0.49415,0.85438,1.4945,0.61397,0.49414,0.85591,1
0.48114,0.97241,0.45289,0.98005,0.023223,0.53226,0.97609,0.9952,0.4587,0.96279,0.38926,0.90519,2
1.6217,0.87403,0.34997,0.90383,1.9313,0.46825,0.70198,0.90549,1.8117,0.81655,0.34528,0.84441,2
0.4794,0.43995,0.66263,0.92117,0.43597,0.42516,0.67623,0.91678,2.1442,0.52032,0.62607,0.88282,1
0.21887,0.68414,0.55398,0.93702,0.98301,0.64056,0.4909,0.90286,2.7708,0.72806,0.47123,0.88052,2
4.2121,0.6757,0.20872,0.83049,0.82616,0.55304,0.4931,0.87579,3.4121,0.60316,0.17174,0.72623,1
1.0769,0.93746,0.39335,0.96746,0.228,0.68158,0.89892,0.97835,0.48287,0.96554,0.39116,0.95794,2
2.8675,0.70954,0.33205,0.85848,1.1942,0.42167,0.64073,0.89754,3.7451,0.57441,0.31781,0.79197,2
0.54969,0.96987,0.45551,0.98211,0.019118,0.44076,0.98202,0.99599,0.54827,0.95694,0.3376,0.88207,2
1.4906,0.81828,0.75394,0.96277,0.22705,0.753,0.7432,0.95617,1.4915,0.92312,0.27944,0.89077,2
4.2559,0.62079,0.29275,0.85979,1.3102,0.6691,0.37401,0.85556,3.7345,0.64697,0.18219,0.74254,2
1.2519,0.81653,0.28889,0.86505,2.088,0.41057,0.4388,0.82524,2.7855,0.75196,0.25172,0.78642,1
1.15,0.59722,0.39966,0.87691,2.9752,0.45873,0.4248,0.82819,2.6354,0.63189,0.37024,0.80569,2
1.5358,0.73695,0.27495,0.88228,1.6567,0.60027,0.27007,0.8155,2.5805,0.73946,0.20409,0.78584,1
1.2581,0.47025,0.33689,0.83314,5.0238,0.30651,0.3034,0.76314,2.736,0.57869,0.32038,0.76878,1
1.7916,0.47585,0.31528,0.87185,2.4617,0.5587,0.28981,0.80829,2.3055,0.7488,0.29093,0.78186,1
2.6701,0.39793,0.37794,0.83047,1.7356,0.54036,0.37989,0.82747,3.658,0.42374,0.36417,0.79696,1
0.94741,0.94939,0.56507,0.98051,0.0070772,0.67794,0.9915,0.99835,0.61003,0.94666,0.53333,0.97173,2
0.58019,0.97352,0.38354,0.96294,0.17322,0.16676,0.89249,0.97677,1.309,0.90095,0.30133,0.85921,1
2.0877,0.78072,0.41179,0.9089,0.87249,0.75355,0.4248,0.89365,2.6867,0.72137,0.29999,0.82302,2
1.003,0.63725,0.50409,0.90081,2.4955,0.45066,0.37567,0.80675,4.0167,0.47128,0.37516,0.78887,2
1.3246,0.92168,0.2431,0.90968,1.0318,0.5405,0.47736,0.87549,2.5239,0.74804,0.17222,0.76057,1
2.2923,0.83681,0.27686,0.89147,0.95607,0.62486,0.51468,0.88213,4.5064,0.69188,0.22352,0.78107,2
0.21693,0.88179,0.39797,0.95762,1.1388,0.75592,0.28824,0.84262,1.0464,0.83703,0.26291,0.82423,1
0.23372,0.83828,0.56337,0.94983,1.1909,0.62026,0.43245,0.88003,1.1194,0.77506,0.42984,0.87945,2
0.86081,0.7906,0.3127,0.92327,1.6117,0.80616,0.26974,0.84628,1.0409,0.83765,0.28962,0.87294,1
0.49743,0.92268,0.30112,0.94106,0.54586,0.72761,0.44296,0.90408,1.6771,0.86002,0.24835,0.84188,2
0.46388,0.88507,0.85316,0.98327,0.091881,0.67312,0.71022,0.96787,0.75435,0.94528,0.46265,0.94304,2
0.44012,0.96699,0.43127,0.97686,0.15836,0.54557,0.62847,0.92897,0.7525,0.9339,0.35438,0.85105,1
0.6046,0.5921,0.34192,0.87383,1.8807,0.56196,0.3181,0.82837,3.2609,0.61014,0.28725,0.79148,2
1.2316,0.86615,0.46574,0.91873,1.7214,0.50525,0.60489,0.88114,2.1965,0.68099,0.41265,0.83551,2
2.2953,0.77936,0.5583,0.93602,0.061075,0.72995,0.9544,0.99046,1.5179,0.82923,0.54418,0.90983,2
0.22001,0.79564,0.40015,0.92701,1.3753,0.5928,0.36971,0.84277,2.5089,0.73971,0.34394,0.80511,1
2.9808,0.55775,0.29595,0.85459,2.1967,0.69086,0.42764,0.84358,3.7643,0.57598,0.27211,0.78898,2
0.66976,0.52838,0.46874,0.88218,5.2281,0.52312,0.44727,0.81265,1.4391,0.55818,0.44633,0.84907,1
0.25985,0.97627,0.47559,0.97212,0.11236,0.73894,0.67352,0.96162,0.69246,0.95011,0.41922,0.93407,1
0.47161,0.66591,0.35076,0.90159,3.185,0.57407,0.32678,0.79475,1.725,0.74551,0.31685,0.80587,1
0.005576,0.84434,0.95866,0.99721,0.94608,0.74514,0.57007,0.92075,2.1761,0.81347,0.5661,0.90011,2
0.83399,0.8696,0.47215,0.92609,1.6146,0.55834,0.5924,0.88464,1.6604,0.80784,0.41673,0.88258,2
0.95835,0.42805,0.40725,0.85013,5.1454,0.31617,0.37107,0.77978,3.0549,0.5527,0.37707,0.79222,1
0.69445,0.64883,0.46071,0.90178,1.135,0.50935,0.43642,0.84773,2.4527,0.6327,0.42722,0.81457,1
4.6629,0.6452,0.36642,0.85671,0.35092,0.52701,0.64439,0.92227,4.1111,0.60583,0.33871,0.80016,1
1.0563,0.79793,0.69378,0.95118,0.46651,0.55602,0.66413,0.93937,1.2956,0.89963,0.34369,0.9108,2
1.2712,0.73454,0.61839,0.95632,1.2964,0.69261,0.42606,0.86963,2.1771,0.75499,0.41733,0.85377,2
1.8123,0.60014,0.3463,0.89634,1.0929,0.76584,0.37443,0.88261,2.4279,0.76811,0.31744,0.83764,1
0.57914,0.59117,0.35974,0.89383,2.3327,0.59377,0.32901,0.79405,1.8663,0.67949,0.33686,0.80276,1
1.3519,0.84568,0.4226,0.92394,0.3792,0.77053,0.41823,0.92419,2.0301,0.77736,0.39177,0.89605,1
4.3681,0.46594,0.53897,0.8755,0.26886,0.47783,0.74832,0.94113,2.6678,0.52622,0.51524,0.84335,1
1.9587,0.71944,0.3933,0.8672,1.6798,0.51823,0.46785,0.83591,2.1012,0.58126,0.38551,0.81407,1
1.578,0.6733,0.46641,0.89866,3.204,0.49271,0.48098,0.83441,3.1464,0.52155,0.41317,0.81182,2
0.28765,0.96866,0.5378,0.97293,0.042142,0.5227,0.87151,0.97897,1.0234,0.92523,0.48258,0.94454,2
0.18707,0.9848,0.47333,0.98372,0.10718,0.81638,0.46506,0.9516,0.51699,0.9444,0.35283,0.88396,1
0.18946,0.5436,0.66232,0.94689,0.45855,0.57141,0.58191,0.90882,2.0609,0.63707,0.55161,0.86945,2
0.45498,0.4849,0.62344,0.91475,1.1355,0.46306,0.63944,0.90022,3.1493,0.49824,0.61889,0.87532,1
1.8183,0.82323,0.346,0.85295,2.1711,0.36855,0.54915,0.84244,2.1211,0.68142,0.3246,0.80543,1
3.2615,0.47482,0.26125,0.83521,1.6949,0.57832,0.24337,0.80271,4.2515,0.59192,0.23399,0.73932,1
0.8032,0.94967,0.36858,0.94551,0.75987,0.55862,0.67901,0.92108,3.0366,0.76674,0.26383,0.82224,2
2.6184,0.74944,0.32367,0.84842,1.8025,0.40516,0.43731,0.83185,3.8624,0.5365,0.26001,0.73901,2
0.13804,0.72748,0.7344,0.96797,0.56414,0.81559,0.48698,0.9101,0.67633,0.89579,0.48783,0.91479,2
0.82068,0.53624,0.52485,0.94646,2.8142,0.67022,0.39319,0.82162,1.4352,0.74013,0.39539,0.84161,2
1.0341,0.92283,0.48649,0.97014,0.032567,0.68281,0.96622,0.99327,0.72995,0.93295,0.4709,0.91226,2
1.4626,0.91265,0.36568,0.93081,0.35392,0.62947,0.77131,0.94925,1.8869,0.82529,0.3465,0.87694,1
2.2652,0.79396,0.56134,0.9328,0.20714,0.57674,0.79568,0.95954,1.7718,0.79012,0.53925,0.88147,1
0.1222,0.70027,0.61617,0.95335,2.5207,0.53813,0.41355,0.81895,1.6266,0.64269,0.43293,0.84548,2
0.60236,0.92369,0.50403,0.95009,0.36852,0.57403,0.59133,0.9266,1.3588,0.8615,0.49701,0.90291,1
0.61296,0.86305,0.54313,0.93466,0.68228,0.58154,0.54553,0.89079,2.7652,0.66737,0.42598,0.8413,2
1.4411,0.78574,0.25583,0.85455,2.3387,0.45909,0.38196,0.81005,2.9084,0.73874,0.20594,0.76995,1
3.9964,0.8248,0.33571,0.91804,0.83729,0.74302,0.63018,0.90154,1.5233,0.84427,0.25115,0.81166,2
0.78762,0.61504,0.37138,0.89141,3.3174,0.6446,0.29538,0.78604,1.6484,0.71044,0.31253,0.81811,1
1.4538,0.83526,0.37864,0.90687,0.80044,0.6028,0.35387,0.87254,1.9162,0.75284,0.34478,0.84517,1
0.483,0.72276,0.34423,0.90939,2.3106,0.56177,0.28336,0.79909,2.3812,0.75117,0.27455,0.77219,1
0.66538,0.94213,0.44517,0.95284,0.27345,0.44942,0.60009,0.92522,1.334,0.85856,0.42624,0.8789,1
2.5309,0.82552,0.47873,0.92248,0.54009,0.74355,0.65814,0.92012,2.3386,0.74253,0.42691,0.84931,2
0.6794,0.54729,0.2815,0.8763,5.6402,0.49155,0.24353,0.74069,1.8331,0.70535,0.24664,0.78608,1
0.15144,0.76395,0.47365,0.94319,1.9479,0.64822,0.28926,0.81285,2.1305,0.76807,0.27435,0.79461,2
0.26955,0.44682,0.44899,0.89123,2.4097,0.32024,0.38948,0.80745,3.6974,0.49415,0.37606,0.77553,2
1.6538,0.86409,0.35353,0.86613,2.3302,0.31951,0.61631,0.86235,2.221,0.74593,0.3297,0.80288,1
0.62425,0.97172,0.42961,0.97862,0.0026808,0.26112,0.99526,0.99899,0.76259,0.96155,0.37249,0.90922,1
2.7159,0.6358,0.28407,0.87499,1.3434,0.63984,0.40154,0.85539,2.2892,0.66546,0.22841,0.78338,1
2.24,0.81567,0.33074,0.89391,3.0256,0.48294,0.52181,0.84638,2.8354,0.7079,0.29698,0.80631,2
1.7452,0.78007,0.49596,0.90974,0.66765,0.58904,0.54763,0.8855,2.3432,0.66476,0.38677,0.82733,2
1.0046,0.78266,0.36445,0.87564,1.3644,0.376,0.42344,0.83773,4.2534,0.59701,0.31796,0.77862,1
1.9536,0.84801,0.54238,0.93625,1.9368,0.16832,0.86412,0.95892,0.91624,0.88382,0.54031,0.91646,1
1.3627,0.88148,0.33916,0.87747,3.163,0.3247,0.60325,0.85387,2.2511,0.74579,0.31913,0.82282,1
0.94041,0.94343,0.38926,0.96174,0.18552,0.56094,0.82163,0.96137,1.0571,0.91551,0.32158,0.87348,2
0.95576,0.88077,0.33526,0.89976,1.9212,0.56908,0.45398,0.83753,2.328,0.73784,0.29815,0.80605,2
0.62059,0.88737,0.67453,0.96402,0.88781,0.80364,0.47884,0.90345,1.5398,0.78153,0.47575,0.89047,2
1.983,0.87768,0.57573,0.95761,0.39586,0.74505,0.80348,0.96299,1.0039,0.85703,0.56304,0.93511,2
1.0141,0.90473,0.4409,0.9314,0.29049,0.58056,0.71467,0.94367,2.2574,0.76211,0.41421,0.8831,1
0.12771,0.65407,0.54558,0.94017,2.5191,0.61818,0.40055,0.83505,2.3576,0.73396,0.39971,0.84035,2
1.5078,0.80863,0.47625,0.93458,0.97122,0.65237,0.47294,0.89548,2.2771,0.87026,0.28381,0.86187,2
1.5981,0.49516,0.38868,0.88263,0.99112,0.65363,0.36305,0.86026,2.8018,0.61686,0.35223,0.82846,1
0.85559,0.86919,0.54741,0.94814,0.23554,0.62853,0.72898,0.9502,3.1929,0.79297,0.45049,0.88516,2
0.41723,0.97753,0.44207,0.9833,0.022365,0.45683,0.95155,0.99021,0.50377,0.95333,0.32754,0.89246,1
1.1724,0.92643,0.22788,0.88915,2.4288,0.50624,0.54853,0.85957,1.9257,0.81952,0.1938,0.8022,1
3.3933,0.70875,0.51756,0.90233,0.088082,0.34242,0.88101,0.97312,2.7235,0.67298,0.49548,0.86812,1
2.0933,0.84928,0.26546,0.88732,2.1426,0.48574,0.54681,0.85973,4.021,0.65433,0.25075,0.7818,2
0.15692,0.7043,0.51063,0.93487,2.8825,0.64531,0.39766,0.83858,2.0791,0.73091,0.38135,0.83745,2
1.2564,0.81335,0.80231,0.97293,2.2346,0.59053,0.34559,0.82016,4.3278,0.59086,0.31427,0.7851,2
0.67407,0.95644,0.3853,0.96322,0.1654,0.6243,0.79612,0.96072,0.97907,0.90836,0.31958,0.88104,2
7.6036,0.5915,0.3362,0.82906,0.61235,0.75402,0.72106,0.92842,4.5626,0.54688,0.31153,0.78163,2
0.19605,0.98353,0.46909,0.97914,0.091529,0.87292,0.46826,0.95857,0.52707,0.93925,0.36224,0.90667,1
0.878,0.61452,0.3234,0.90875,2.2903,0.71259,0.29072,0.82792,2.5404,0.74386,0.26792,0.80927,1
0.52117,0.74742,0.39773,0.9149,2.5896,0.60926,0.32448,0.83354,1.5105,0.78883,0.32257,0.83485,1
0.39968,0.70847,0.33984,0.91178,2.7465,0.659,0.30717,0.81117,2.5832,0.74366,0.29754,0.80313,1
1.8415,0.55466,0.33836,0.85639,2.7285,0.41649,0.31098,0.79502,1.8702,0.7215,0.30395,0.78665,1
1.282,0.86914,0.6024,0.96359,0.031158,0.52823,0.98037,0.99556,0.9756,0.91267,0.59357,0.94817,2
1.9603,0.66114,0.34748,0.86414,0.80767,0.55074,0.36302,0.84796,3.2877,0.60149,0.33013,0.78597,1
0.30464,0.78347,0.54399,0.94539,0.63038,0.61732,0.5274,0.90042,1.7193,0.76662,0.5011,0.8687,1
1.0643,0.66542,0.52252,0.91966,1.3957,0.61396,0.47236,0.88301,2.5038,0.6785,0.43987,0.85361,2
5.3915,0.73455,0.47564,0.89959,0.0095895,0.46553,0.98533,0.99696,2.8261,0.72779,0.43245,0.85484,1
1.3741,0.82053,0.36708,0.92049,0.6023,0.71784,0.47215,0.91233,1.6456,0.8163,0.33559,0.88115,2
0.034436,0.85352,0.7383,0.98423,0.7579,0.79097,0.45468,0.91528,1.4644,0.87448,0.44817,0.89993,2
1.4623,0.84361,0.55226,0.93051,1.7265,0.4719,0.43464,0.83693,3.4696,0.68434,0.30581,0.79739,2
0.27932,0.84929,0.37356,0.94205,1.708,0.72209,0.24048,0.80325,1.4279,0.8018,0.22662,0.79363,1
1.0235,0.54254,0.44961,0.87922,1.1532,0.58364,0.47624,0.86006,1.7723,0.57316,0.42375,0.84451,1
1.3316,0.81357,0.35641,0.88727,3.0119,0.62683,0.48765,0.82358,1.3376,0.77073,0.34105,0.83575,1
0.86429,0.95236,0.45775,0.97001,0.042862,0.22585,0.96867,0.99231,0.47037,0.95873,0.43837,0.93023,1
1.2134,0.89793,0.62361,0.9675,0.083854,0.5192,0.92296,0.98446,1.2995,0.85194,0.55474,0.91378,2
1.2607,0.84577,0.58789,0.95902,0.52627,0.84768,0.52078,0.92993,1.1803,0.89207,0.4837,0.90734,2
0.047993,0.71025,0.85632,0.97982,0.23451,0.63086,0.67415,0.94739,2.8351,0.76666,0.49324,0.89781,2
1.7441,0.53146,0.38579,0.86719,1.0986,0.49676,0.36502,0.83643,3.5954,0.59759,0.35299,0.78385,1
0.67223,0.65977,0.34717,0.8971,2.7514,0.57129,0.27084,0.78306,2.4706,0.71105,0.27111,0.77772,1
0.17552,0.9848,0.4799,0.98334,0.096293,0.8612,0.55709,0.96047,0.33042,0.9688,0.40845,0.93009,1
2.3472,0.70844,0.33279,0.88062,0.69948,0.58195,0.4998,0.88793,3.2727,0.683,0.295,0.80497,1
1.0008,0.57895,0.3113,0.88538,2.4786,0.64479,0.28318,0.81033,2.1732,0.7407,0.29887,0.81943,1
0.11023,0.63525,0.64358,0.94927,1.0748,0.57697,0.48,0.87071,2.474,0.62611,0.46369,0.8472,2
2.1192,0.71006,0.29694,0.85747,0.94966,0.43868,0.49171,0.88396,4.8716,0.62835,0.26453,0.78334,2
0.56979,0.93403,0.48562,0.94886,0.27558,0.59923,0.51257,0.93933,1.5884,0.83705,0.46947,0.9062,1
1.0256,0.90815,0.37691,0.92664,0.6231,0.58419,0.63489,0.91753,2.3695,0.79027,0.3513,0.8598,1
0.53854,0.94764,0.34856,0.92779,0.17877,0.73661,0.44897,0.92894,2.3379,0.8054,0.29044,0.87179,1
1.5765,0.77544,0.26201,0.83185,9.0089,0.34348,0.33721,0.75321,2.3311,0.69105,0.24506,0.77878,1
0.47201,0.60605,0.46082,0.9043,1.2882,0.62031,0.42025,0.84409,2.2874,0.67532,0.41674,0.83233,2
3.5816,0.72308,0.30537,0.87586,1.6326,0.66887,0.47493,0.86226,3.1803,0.65408,0.22607,0.77106,2
2.6708,0.78045,0.52502,0.92862,0.092111,0.44776,0.92515,0.98303,1.7471,0.80424,0.52639,0.90871,2
0.58295,0.96437,0.40205,0.97847,0.040365,0.65992,0.95696,0.99172,0.47425,0.96246,0.35604,0.89004,2
2.1697,0.80234,0.34141,0.87449,2.8588,0.41937,0.56038,0.85836,3.4572,0.60451,0.30761,0.78553,2
3.1966,0.61053,0.24995,0.85354,2.0976,0.57552,0.28621,0.8016,5.0115,0.55277,0.13839,0.68959,2
0.91605,0.95824,0.35012,0.95161,0.11434,0.43302,0.86142,0.96953,1.7183,0.87696,0.26321,0.85575,1
1.8519,0.81667,0.42342,0.91844,1.0696,0.6083,0.43971,0.86552,2.9712,0.67143,0.31412,0.81314,2
1.9265,0.84192,0.3326,0.91812,0.66252,0.71496,0.49375,0.89452,2.7587,0.79089,0.25948,0.81785,2
1.337,0.89538,0.37353,0.91106,2.4045,0.59288,0.55809,0.8706,1.9408,0.78068,0.34432,0.83922,1
0.73899,0.96701,0.34058,0.94791,0.067525,0.42425,0.82845,0.96688,2.0146,0.85203,0.18997,0.81052,1
1.3225,0.86646,0.35501,0.89906,0.45709,0.50401,0.60429,0.90827,3.3838,0.6727,0.32899,0.81641,1
1.7069,0.87805,0.46806,0.92365,2.442,0.43537,0.63207,0.87335,1.9331,0.71403,0.40794,0.82812,2
1.5301,0.76967,0.51723,0.91613,0.32635,0.61639,0.65692,0.93279,2.3613,0.70712,0.49157,0.85897,2
1.641,0.70872,0.27044,0.82853,4.0937,0.38683,0.25472,0.77974,2.8411,0.60619,0.24,0.77467,1
2.9819,0.7709,0.30144,0.85903,2.3864,0.42876,0.58177,0.86202,4.0177,0.61391,0.25586,0.75762,2
1.1359,0.91125,0.41723,0.93993,1.0435,0.61157,0.46673,0.87897,2.4616,0.81745,0.27437,0.82726,2
1.3667,0.83339,0.36449,0.90993,1.1032,0.63017,0.3574,0.85417,2.8648,0.70835,0.25549,0.78348,2
1.5512,0.73736,0.28984,0.87515,0.74107,0.49717,0.26978,0.84799,3.236,0.66814,0.23783,0.77483,1
2.7199,0.47674,0.66576,0.91553,0.2379,0.58075,0.753,0.95019,3.6674,0.50166,0.54873,0.85845,2
2.5394,0.34081,0.43671,0.83291,3.7394,0.37194,0.50099,0.80989,1.6532,0.34033,0.43072,0.81358,1
1.4408,0.78913,0.37253,0.90231,2.0715,0.58952,0.42577,0.85695,2.9771,0.6848,0.35534,0.83836,1
0.41962,0.86149,0.70972,0.96157,0.2529,0.62679,0.66328,0.9432,1.8447,0.81502,0.49275,0.90794,2
1.3938,0.89434,0.26374,0.89973,0.47066,0.66824,0.55703,0.9127,2.9534,0.74391,0.22817,0.80505,1
1.9319,0.88363,0.4827,0.95484,0.60015,0.76093,0.73072,0.93008,1.992,0.82217,0.39501,0.87093,2
2.0922,0.80727,0.64964,0.95101,0.028401,0.53108,0.96039,0.99202,0.97806,0.86426,0.64044,0.92497,2
0.90996,0.52653,0.35438,0.85739,3.5518,0.47332,0.30533,0.7844,2.4669,0.62773,0.30332,0.79194,1
3.4601,0.70417,0.30688,0.87016,0.68781,0.70818,0.42654,0.88786,5.2216,0.6186,0.20072,0.75246,2
0.65021,0.77793,0.52678,0.94485,0.98877,0.69778,0.45464,0.89323,3.4811,0.78093,0.32013,0.84505,2
0.14433,0.53353,0.80396,0.9635,0.22552,0.43419,0.79866,0.95154,1.7634,0.54945,0.76584,0.92678,2
1.4108,0.6711,0.64375,0.91905,0.2504,0.67854,0.65504,0.93471,1.7333,0.5418,0.64141,0.90663,1
0.093903,0.81855,0.62211,0.97508,1.1408,0.80237,0.34515,0.86468,0.77998,0.89499,0.34683,0.87228,2
2.9263,0.77835,0.35111,0.88129,0.8216,0.65559,0.48527,0.87824,3.4265,0.60357,0.26607,0.78968,2
1.912,0.7753,0.46173,0.90532,0.29559,0.54269,0.5218,0.90973,2.3089,0.73222,0.44079,0.86934,1
2.7142,0.60335,0.38894,0.86047,1.057,0.47348,0.51252,0.86749,4.6908,0.57556,0.38109,0.79071,1
0.20101,0.70198,0.58021,0.94977,0.59436,0.77978,0.4847,0.90439,1.4962,0.79946,0.44583,0.88423,2
1.7463,0.61773,0.50488,0.91304,1.8913,0.69928,0.49273,0.87332,2.899,0.63433,0.42772,0.84156,2
0.58073,0.65479,0.53564,0.92804,1.6557,0.50763,0.44073,0.84821,3.2719,0.64274,0.42376,0.82012,2
0.38199,0.56718,0.63347,0.93753,0.779,0.58382,0.64613,0.9156,2.1135,0.65639,0.63599,0.89955,1
2.9279,0.82953,0.45605,0.93174,0.28843,0.78983,0.77191,0.95875,1.462,0.82352,0.44505,0.89085,2
0.14347,0.88451,0.35431,0.95161,1.3792,0.76681,0.30063,0.8376,1.2828,0.84752,0.28252,0.82444,1
3.9101,0.68054,0.2266,0.85554,0.71014,0.61571,0.42269,0.87607,3.6051,0.62541,0.17944,0.76557,1
0.45962,0.95767,0.52527,0.97271,0.66009,0.69843,0.58809,0.94394,0.47177,0.94109,0.50842,0.9181,1
0.2402,0.51083,0.38564,0.88593,5.1285,0.36262,0.2524,0.7246,3.1184,0.52757,0.24376,0.7374,2
1.8618,0.87629,0.27427,0.91629,1.6291,0.6036,0.4133,0.84214,3.0497,0.71709,0.16628,0.76822,2
3.1374,0.65358,0.57126,0.90506,0.15427,0.53362,0.82544,0.96674,2.1187,0.66981,0.58218,0.90367,2
1.8635,0.80073,0.39377,0.9119,0.98333,0.68106,0.35467,0.86364,2.5067,0.72463,0.27609,0.82191,2
1.5724,0.84944,0.38743,0.92482,0.29991,0.72969,0.4083,0.93214,1.7186,0.81416,0.3477,0.89645,1
1.0732,0.87493,0.34505,0.88536,4.0505,0.4232,0.36683,0.82869,1.3578,0.79041,0.32447,0.81626,1
2.1633,0.64318,0.33506,0.87581,1.3161,0.60737,0.32361,0.8384,2.3748,0.69493,0.32084,0.81439,1
2.0345,0.86886,0.37219,0.93432,0.95268,0.71544,0.4589,0.87118,3.5637,0.72626,0.24803,0.79334,2
0.52304,0.59402,0.45038,0.88992,3.1888,0.53513,0.4299,0.80854,1.4701,0.54897,0.43401,0.83363,1
2.3972,0.8089,0.55545,0.93092,0.033578,0.49789,0.93309,0.98719,2.0378,0.78115,0.52238,0.87598,2
1.324,0.85585,0.63925,0.96557,0.038817,0.58969,0.9492,0.9908,0.65896,0.92152,0.62872,0.95547,2
4.1597,0.70531,0.38201,0.8737,2.8623,0.53653,0.47419,0.84911,2.9298,0.63727,0.27036,0.80096,2
3.6149,0.67013,0.62268,0.91476,0.055331,0.50178,0.95251,0.98945,2.1844,0.68255,0.61277,0.89359,2
2.5919,0.78109,0.67092,0.94494,0.15334,0.74729,0.90984,0.98072,1.6363,0.7436,0.67023,0.91662,2
0.12304,0.63222,0.60822,0.95153,2.7993,0.61169,0.46796,0.84017,1.5687,0.67215,0.46672,0.855,2
2.4204,0.61436,0.19738,0.83804,3.8485,0.56613,0.30636,0.79385,3.8504,0.62043,0.14337,0.72444,1
1.0941,0.93174,0.52831,0.96972,0.0092831,0.53749,0.98024,0.99661,0.80712,0.91012,0.48776,0.90508,2
2.4584,0.77235,0.50276,0.90488,2.6427,0.54483,0.36189,0.79704,2.9195,0.51289,0.3343,0.78872,2
0.99937,0.90858,0.23276,0.90609,1.428,0.6301,0.39944,0.85861,2.2613,0.78354,0.20027,0.79596,1
0.45126,0.53044,0.48995,0.89316,3.7163,0.43889,0.344,0.77907,2.1727,0.54693,0.37317,0.80963,2
0.089782,0.8311,0.55062,0.95989,0.98404,0.76445,0.25052,0.88205,1.9161,0.84218,0.23603,0.86181,2
0.37892,0.72484,0.37894,0.92128,2.043,0.62696,0.35215,0.83338,2.1905,0.76911,0.34524,0.81547,1
0.22393,0.53655,0.56188,0.92723,2.8207,0.55768,0.44,0.82439,2.1282,0.64565,0.43794,0.83645,2
1.4471,0.8816,0.36784,0.93514,1.1853,0.59499,0.48237,0.88208,3.4437,0.75614,0.18886,0.82487,2
1.3763,0.87774,0.35114,0.89075,2.5779,0.52557,0.5965,0.87401,1.9771,0.78091,0.33007,0.81894,1
0.53361,0.60158,0.38488,0.90406,2.693,0.64405,0.37272,0.84168,2.7639,0.66925,0.37164,0.83391,1
1.4042,0.86115,0.5333,0.93254,0.76535,0.58386,0.64831,0.91764,2.7683,0.70772,0.46106,0.85046,2
0.85165,0.90093,0.61609,0.95343,2.8381,0.51823,0.62507,0.88464,1.1364,0.79069,0.52045,0.88389,2
3.4437,0.76589,0.48156,0.91244,0.74093,0.64922,0.56934,0.89572,3.8401,0.6692,0.25917,0.76724,2
2.343,0.85208,0.45743,0.93956,0.24877,0.82531,0.67781,0.96858,1.7317,0.81036,0.44347,0.92929,2
3.1294,0.58705,0.56974,0.88764,1.5649,0.48622,0.71634,0.91482,3.0462,0.45645,0.51484,0.84241,2
0.86011,0.4082,0.49022,0.87394,4.4625,0.45154,0.474,0.8093,1.5561,0.48835,0.48816,0.84642,1
0.73306,0.53589,0.44245,0.87677,4.184,0.50102,0.40192,0.78662,1.4287,0.59592,0.40626,0.82362,1
1.0909,0.92419,0.50383,0.95769,0.17525,0.38485,0.83542,0.95954,2.3862,0.78308,0.39676,0.85822,2
1.1562,0.91471,0.30784,0.91722,0.71915,0.54625,0.59629,0.90026,2.4197,0.76759,0.26929,0.82117,1
0.34687,0.70215,0.52302,0.92592,2.5007,0.6989,0.5084,0.85702,0.95328,0.65818,0.5136,0.88137,1
1.0784,0.81369,0.59671,0.93506,0.20619,0.54445,0.7307,0.94795,1.6438,0.70484,0.59191,0.91116,2
0.31763,0.56712,0.44069,0.89471,3.5686,0.39507,0.3928,0.81509,3.0752,0.6016,0.37303,0.7938,2
1.4583,0.87778,0.43094,0.93504,0.048315,0.50558,0.88598,0.97938,2.1099,0.82766,0.38982,0.86983,2
0.78332,0.56938,0.42358,0.86925,1.6774,0.51706,0.38923,0.8087,1.7596,0.52321,0.39831,0.81068,1
0.5564,0.96109,0.45189,0.98146,0.041437,0.79503,0.89644,0.99078,0.26602,0.97928,0.43191,0.95804,2
1.4541,0.88299,0.60522,0.961,0.0077665,0.23443,0.98968,0.99793,1.0561,0.87162,0.59118,0.93004,1
0.7329,0.88442,0.50635,0.92081,1.9866,0.62755,0.495,0.88516,1.1502,0.55887,0.50069,0.90347,1
1.7719,0.88641,0.48411,0.94731,0.026777,0.53448,0.96704,0.99333,1.1469,0.8668,0.43932,0.8788,2
0.094363,0.70182,0.62637,0.95472,1.0173,0.64704,0.46226,0.88002,1.8799,0.72513,0.46657,0.86186,2
1.4326,0.91023,0.27412,0.86664,1.5534,0.35286,0.57239,0.86087,2.3665,0.73595,0.27134,0.80234,1
0.95409,0.78153,0.40796,0.91643,0.16858,0.66522,0.50787,0.93234,2.07,0.86826,0.2782,0.88426,2
0.99418,0.92682,0.36839,0.93221,0.75136,0.53099,0.61097,0.90524,2.823,0.76217,0.29434,0.83809,2
3.6335,0.75819,0.35506,0.86672,2.1092,0.29821,0.67403,0.88594,3.6747,0.62103,0.31885,0.78613,2
0.55695,0.61098,0.3774,0.88413,3.5128,0.31368,0.358,0.80601,2.3235,0.70345,0.32092,0.77976,1
1.3793,0.65959,0.31086,0.87302,2.1806,0.53387,0.30528,0.8076,2.7324,0.64755,0.29373,0.78504,1
0.9004,0.88568,0.71071,0.96609,1.0013,0.64846,0.45656,0.88652,1.6391,0.80898,0.38696,0.85626,2
1.9063,0.7169,0.65153,0.93323,0.42047,0.48835,0.75615,0.93982,3.321,0.61594,0.52872,0.86226,2
0.33689,0.91811,0.7525,0.97018,0.050291,0.49993,0.86905,0.97739,0.94052,0.85632,0.75371,0.9514,1
2.6095,0.58682,0.33504,0.84163,0.9411,0.39858,0.33535,0.83101,4.1074,0.55153,0.31087,0.75492,1
0.83896,0.92416,0.45719,0.94832,1.9441,0.52235,0.34293,0.81267,3.9006,0.67063,0.18161,0.74637,2
1.0904,0.82258,0.3464,0.91227,1.3658,0.63354,0.39588,0.84619,2.0685,0.75833,0.3001,0.79889,2
3.7151,0.49697,0.26636,0.81187,1.7055,0.48807,0.38271,0.82957,4.7727,0.52165,0.24737,0.73117,1
0.8873,0.86973,0.57345,0.93952,1.1852,0.55937,0.34167,0.85541,2.5133,0.82401,0.23425,0.83229,2
3.0806,0.75627,0.3563,0.89167,0.28503,0.62856,0.7494,0.94788,3.5892,0.72518,0.28156,0.82249,2
0.1114,0.78378,0.63275,0.96382,0.29547,0.77388,0.52525,0.94063,1.7297,0.82744,0.49501,0.90741,2
0.33775,0.70369,0.44598,0.92152,3.1933,0.68073,0.43021,0.84868,1.9504,0.70397,0.43898,0.86581,1
1.6402,0.7879,0.56818,0.91736,2.2459,0.42576,0.70602,0.90404,1.6259,0.67634,0.55837,0.87392,2
1.1975,0.9044,0.27839,0.86976,3.2177,0.40162,0.52074,0.82271,2.0053,0.80972,0.23615,0.77955,1
1.2172,0.92746,0.52245,0.96772,0.027206,0.51514,0.97177,0.99386,0.88339,0.90819,0.49797,0.89814,2
0.68159,0.57325,0.47204,0.89503,1.126,0.54564,0.46155,0.85927,2.5631,0.592,0.45011,0.82712,1
0.91175,0.92487,0.67242,0.97785,0.056801,0.75148,0.96137,0.99233,0.24536,0.98231,0.549,0.9713,2
1.2263,0.89726,0.38748,0.90893,2.1341,0.61805,0.41364,0.84907,1.5964,0.8409,0.25664,0.84784,2
2.8196,0.551,0.48092,0.86929,0.60294,0.43149,0.49512,0.88834,3.1971,0.50509,0.47254,0.83497,1
1.1367,0.81949,0.56347,0.95332,1.505,0.74379,0.38522,0.84612,1.6335,0.7776,0.37317,0.83705,2
1.7156,0.82529,0.33586,0.8919,1.9615,0.56396,0.42609,0.84951,4.2949,0.60891,0.25466,0.7743,2
1.5942,0.71739,0.26197,0.87005,1.1367,0.57757,0.33481,0.83918,4.1203,0.67484,0.1805,0.73633,1
3.6226,0.51656,0.2423,0.82305,0.83338,0.63194,0.49111,0.88582,6.146,0.51547,0.21235,0.71033,1
0.31175,0.65918,0.77778,0.96399,0.46308,0.63931,0.48247,0.9209,1.9049,0.80659,0.42726,0.88475,2
1.0775,0.93882,0.3805,0.9626,0.20309,0.6859,0.81422,0.96212,0.87989,0.91881,0.31913,0.87597,2
1.2347,0.81525,0.70502,0.96397,0.64609,0.79609,0.43698,0.92204,2.2449,0.86399,0.30136,0.88703,2
5.361,0.68741,0.39076,0.85801,1.9452,0.39134,0.79114,0.92994,3.2391,0.65234,0.37819,0.83631,1
1.5487,0.78547,0.72714,0.95816,0.65296,0.71124,0.61403,0.92264,2.2244,0.77432,0.48468,0.89124,2
0.45256,0.74354,0.62244,0.95953,0.63396,0.83925,0.53056,0.92458,0.9036,0.83397,0.52889,0.92426,2
1.2084,0.81618,0.4881,0.91042,1.8443,0.54297,0.57688,0.87592,1.618,0.67569,0.45877,0.85446,2
1.1538,0.91219,0.35191,0.91683,0.36327,0.51666,0.6674,0.92703,2.9528,0.761,0.30665,0.82721,1
3.7538,0.59003,0.34536,0.83054,0.36438,0.53012,0.46548,0.87833,5.004,0.46907,0.32692,0.76606,1
1.2598,0.87256,0.57527,0.94701,0.6419,0.6442,0.65318,0.92162,1.5208,0.81205,0.4787,0.88951,2
0.22607,0.98017,0.43954,0.97105,0.12477,0.83662,0.45134,0.96034,1.025,0.90705,0.35578,0.91623,1
2.3782,0.68741,0.46517,0.91807,1.5248,0.63078,0.40752,0.86024,3.101,0.70332,0.29556,0.79249,2
0.86115,0.49024,0.45634,0.87745,1.5625,0.51217,0.43879,0.84094,1.8869,0.5576,0.44005,0.83976,1
3.4153,0.64953,0.22067,0.79123,2.6686,0.31287,0.19941,0.77873,3.0994,0.55209,0.17104,0.74015,1
1.1593,0.8767,0.40553,0.92506,0.3752,0.56583,0.54343,0.91073,3.1354,0.7232,0.33186,0.84673,2
5.0464,0.60713,0.44945,0.87086,0.49479,0.5103,0.77969,0.94283,3.9718,0.58335,0.43272,0.82171,1
1.4343,0.80344,0.35296,0.90507,0.78088,0.58893,0.47604,0.88048,2.6444,0.71197,0.3004,0.79877,1
2.1376,0.77596,0.31933,0.88987,1.845,0.63593,0.437,0.84996,2.4414,0.67902,0.25928,0.80952,2
1.241,0.84751,0.23623,0.84526,2.796,0.41873,0.27927,0.7828,3.0249,0.70872,0.18346,0.75808,1
0.87033,0.93825,0.40602,0.97386,0.16376,0.79249,0.90238,0.97967,0.45346,0.96665,0.27883,0.91779,2
1.1154,0.90671,0.37986,0.93494,1.1187,0.6431,0.54147,0.89333,2.3982,0.75947,0.29949,0.81772,2
2.5193,0.62402,0.56556,0.88696,1.5824,0.095112,0.85044,0.94243,3.1948,0.51895,0.56594,0.85342,1
0.8176,0.95232,0.49698,0.97892,0.0043505,0.48534,0.98792,0.99789,0.66141,0.9395,0.39312,0.91378,1
1.4111,0.80322,0.25011,0.83799,1.9634,0.51596,0.28259,0.80936,2.7098,0.69955,0.20856,0.78161,1
1.4176,0.88956,0.34317,0.89362,2.5991,0.42316,0.61532,0.8719,2.0993,0.75559,0.3242,0.82054,1
0.94939,0.8875,0.34259,0.89271,2.1642,0.4872,0.48803,0.83978,2.7091,0.6834,0.31605,0.80866,2
0.5654,0.94818,0.6683,0.98383,0.013159,0.44075,0.987,0.99762,0.37603,0.94935,0.6625,0.97471,2
1.6269,0.81512,0.39818,0.90122,0.63225,0.54785,0.66854,0.91662,3.3117,0.73156,0.37309,0.84926,2
1.0314,0.78174,0.3462,0.90111,0.92831,0.6354,0.2991,0.84493,2.9267,0.72734,0.24732,0.81513,2
3.1235,0.47877,0.26163,0.81751,3.8152,0.66589,0.45176,0.84918,4.5423,0.47208,0.24837,0.7628,1
0.27014,0.93484,0.85842,0.99042,0.027711,0.57676,0.9076,0.98614,0.92298,0.90243,0.51323,0.94745,2
0.50438,0.63916,0.47081,0.90516,1.1743,0.5258,0.4566,0.85455,2.6269,0.61191,0.42602,0.81793,1
2.0975,0.86677,0.30818,0.90128,1.6104,0.50963,0.5635,0.87525,2.7876,0.67918,0.24198,0.79458,2
1.4763,0.69516,0.44709,0.87538,1.8994,0.49269,0.4371,0.84461,1.6957,0.57596,0.43612,0.84771,1
2.1947,0.83259,0.34121,0.89792,0.15343,0.46436,0.67097,0.9387,3.0951,0.7356,0.29577,0.80553,1
0.99658,0.94979,0.57497,0.98214,0.019439,0.36907,0.98172,0.9967,0.48968,0.95558,0.52554,0.94931,2
0.16282,0.80211,0.51166,0.96967,1.2052,0.82232,0.32666,0.85325,0.51699,0.90325,0.37444,0.89567,2
0.45455,0.8705,0.61623,0.95546,0.55169,0.60203,0.61645,0.91951,2.5551,0.78387,0.50373,0.88188,2
1.7611,0.87024,0.49733,0.95006,0.31523,0.79615,0.75803,0.9581,0.74712,0.8829,0.47403,0.90689,2
1.2532,0.91342,0.24872,0.87988,1.4155,0.47323,0.52401,0.85952,2.7371,0.75085,0.21227,0.78431,1
0.444,0.43245,0.52917,0.91617,2.981,0.34935,0.38762,0.80984,3.3381,0.55759,0.37278,0.79144,2
0.90381,0.67262,0.46097,0.93967,1.1577,0.84549,0.42709,0.86871,0.81005,0.78767,0.4377,0.89272,1
1.0673,0.89591,0.64581,0.9544,0.072273,0.44435,0.86726,0.97477,1.3697,0.77679,0.61194,0.91062,1
0.097028,0.8012,0.56065,0.95935,0.52906,0.74096,0.4339,0.9165,2.071,0.83631,0.40916,0.89239,2
0.49704,0.70975,0.40395,0.9285,1.0201,0.58902,0.38288,0.87174,2.6536,0.76886,0.32011,0.81306,1
2.0664,0.85069,0.41879,0.91208,0.44755,0.53589,0.62669,0.91548,3.0489,0.70948,0.34305,0.82026,2
2.2502,0.73802,0.39262,0.87036,2.9422,0.49438,0.51595,0.83469,1.8568,0.63615,0.40268,0.82847,1
0.78748,0.86964,0.40001,0.88835,2.2426,0.29203,0.45587,0.82698,4.0182,0.58484,0.30657,0.76478,2
0.1296,0.62147,0.54765,0.93551,1.143,0.5671,0.44625,0.86156,3.986,0.61536,0.42228,0.82034,2
0.51737,0.79107,0.61515,0.95574,1.3809,0.68798,0.52019,0.89024,1.6824,0.74599,0.50545,0.88491,2
1.2604,0.84538,0.38017,0.93909,1.0722,0.79132,0.42539,0.89714,2.4896,0.78145,0.26991,0.82421,2
1.0032,0.75348,0.56373,0.93551,0.40604,0.66301,0.59181,0.92787,1.5303,0.75614,0.5161,0.89808,2
0.45689,0.97467,0.46155,0.9818,0.085723,0.16721,0.98493,0.99656,0.55703,0.95329,0.3748,0.90669,1
1.9043,0.85348,0.51621,0.9322,0.34945,0.62683,0.6978,0.9331,2.3627,0.75849,0.41388,0.85089,2
1.7446,0.89049,0.34673,0.88649,1.2021,0.4323,0.63168,0.88319,2.0834,0.76287,0.31826,0.81848,1
6.2831,0.63617,0.46723,0.88122,0.0089767,0.4861,0.98306,0.99674,2.2544,0.69131,0.45631,0.86355,1
0.37273,0.7072,0.55243,0.93259,1.0761,0.53915,0.53788,0.87707,1.6415,0.69571,0.5247,0.8579,1
3.3706,0.77938,0.47374,0.90818,0.42607,0.81511,0.75202,0.94872,2.0841,0.71872,0.46257,0.87178,2
1.5944,0.86249,0.53772,0.93446,0.29923,0.54166,0.80287,0.95062,2.0163,0.73359,0.48908,0.87184,2
0.58422,0.50688,0.3441,0.85995,3.0082,0.39722,0.32273,0.77667,3.3971,0.51752,0.31961,0.75992,1
2.8098,0.72747,0.41167,0.89142,1.4244,0.4818,0.47302,0.84856,2.9563,0.6483,0.25971,0.77094,2
0.80047,0.94463,0.41787,0.94101,0.70579,0.50447,0.7145,0.9253,1.74,0.69596,0.41924,0.90161,2
1.9296,0.70505,0.32082,0.86055,2.0261,0.43912,0.3232,0.82904,3.3181,0.58082,0.32069,0.80208,1
1.5575,0.81095,0.55842,0.9334,0.1331,0.85852,0.57502,0.95541,1.107,0.80839,0.5412,0.92357,1
1.9456,0.82597,0.41661,0.91533,0.20218,0.57643,0.44075,0.91849,2.4392,0.77381,0.34507,0.84111,1
0.070205,0.81129,0.61177,0.96638,0.9121,0.72147,0.44958,0.88831,1.6581,0.75772,0.44097,0.87214,2
0.84775,0.93567,0.4881,0.96302,0.59395,0.5229,0.7898,0.94975,0.56301,0.93299,0.44638,0.91591,2
2.0872,0.66493,0.20784,0.80745,5.9241,0.35558,0.31478,0.75898,3.3889,0.67411,0.16192,0.73673,1
2.4663,0.77277,0.4529,0.895,0.59099,0.43872,0.67644,0.91569,2.8135,0.67088,0.44887,0.84745,1
1.8739,0.74407,0.44033,0.89099,0.28028,0.80901,0.45355,0.90873,3.082,0.6053,0.43039,0.85452,1
0.55228,0.78649,0.49463,0.93022,0.79219,0.63347,0.47751,0.88597,1.8701,0.73877,0.46992,0.86127,1
1.499,0.89347,0.17312,0.85272,1.5086,0.51848,0.3353,0.81202,2.5405,0.702,0.11916,0.72453,1
0.73341,0.68462,0.38386,0.8973,1.2268,0.62971,0.30858,0.83277,1.8712,0.69875,0.30761,0.81799,1
1.0749,0.89417,0.44485,0.92042,0.73313,0.35848,0.73209,0.92059,1.7808,0.80298,0.42607,0.88167,2
1.0683,0.86376,0.39889,0.92105,0.88453,0.62674,0.43223,0.86517,3.9767,0.67799,0.19991,0.7871,2
0.23471,0.79628,0.56353,0.94912,0.31097,0.62574,0.56557,0.92327,2.4297,0.75862,0.49081,0.86493,1
0.35815,0.7876,0.36413,0.92679,2.0125,0.63902,0.29331,0.80314,1.9161,0.76587,0.27533,0.78072,1
2.1222,0.81402,0.42872,0.91521,0.14887,0.40277,0.84475,0.96437,2.7828,0.77564,0.41644,0.86565,1
0.68805,0.95789,0.43259,0.97285,0.054488,0.27247,0.96071,0.99033,0.48983,0.96017,0.39746,0.91294,1
0.93964,0.40947,0.71013,0.94461,3.5241,0.40508,0.40526,0.79456,3.7534,0.48833,0.39322,0.78475,2
0.43618,0.75897,0.63947,0.96316,1.44,0.7373,0.28042,0.88073,2.0563,0.82882,0.26261,0.86214,2
0.25616,0.59215,0.43172,0.91071,2.3101,0.59467,0.39182,0.81293,2.5843,0.62212,0.39447,0.8081,1
3.1396,0.58187,0.51659,0.8754,0.23822,0.5553,0.56776,0.9201,2.8897,0.55287,0.51431,0.85754,1
3.6945,0.51631,0.3713,0.84603,0.72235,0.47478,0.5608,0.8858,3.5313,0.5146,0.34565,0.77604,1
1.5385,0.87016,0.31608,0.90362,1.0026,0.49921,0.55076,0.87698,3.0957,0.73444,0.26845,0.79282,2
0.63323,0.85811,0.36306,0.90962,1.29,0.50083,0.4497,0.87056,4.1328,0.51217,0.31997,0.83621,2
1.0617,0.88212,0.31151,0.87343,4.3168,0.34579,0.37281,0.81288,1.4227,0.82063,0.2804,0.82309,1
2.3989,0.8549,0.46303,0.94367,0.0092831,0.7045,0.96464,0.99554,1.4494,0.85447,0.42634,0.89768,1
2.2433,0.83702,0.34693,0.86582,3.4266,0.27048,0.69174,0.88522,2.3554,0.76955,0.31788,0.80855,1
1.5449,0.82517,0.42819,0.88889,0.37509,0.35839,0.64393,0.90853,3.4808,0.63375,0.40178,0.81663,1
1.2358,0.87597,0.41971,0.92035,0.53588,0.50797,0.61226,0.91005,2.0321,0.71736,0.40767,0.84506,1
1.9304,0.82591,0.49216,0.93134,0.21057,0.71876,0.73871,0.95392,1.738,0.79761,0.43379,0.89641,2
3.3886,0.83559,0.49752,0.93487,0.0096507,0.55607,0.97629,0.99611,1.5806,0.82833,0.44339,0.88098,1
0.33113,0.67328,0.36504,0.90756,1.2173,0.59231,0.31863,0.83052,2.72,0.67868,0.30833,0.78632,2
0.18007,0.98487,0.49314,0.98419,0.081801,0.8315,0.51839,0.96217,0.38266,0.96286,0.39877,0.91699,1
0.66362,0.92291,0.35089,0.94051,0.70942,0.70759,0.38244,0.89783,2.1866,0.81564,0.26925,0.85494,2
0.6216,0.96919,0.41099,0.97666,0.014844,0.71672,0.95507,0.99381,0.50116,0.95241,0.37458,0.90127,1
0.084957,0.75242,0.58759,0.95844,1.3598,0.70005,0.32497,0.88052,2.5777,0.7895,0.2636,0.82045,2
3.0222,0.57695,0.35684,0.876,0.87765,0.52051,0.45261,0.87766,3.5339,0.63487,0.30909,0.7797,1
0.4223,0.68822,0.68862,0.96777,0.6451,0.68008,0.55285,0.91181,1.8244,0.74456,0.53125,0.88504,2
1.8052,0.83754,0.73142,0.96615,1.4576,0.8607,0.52292,0.89715,2.5416,0.76618,0.31993,0.86224,2
3.1682,0.7653,0.47679,0.90906,0.18192,0.74466,0.87411,0.9755,1.8547,0.75018,0.47122,0.88579,2
2.8089,0.70257,0.46959,0.89734,0.46195,0.51393,0.70566,0.92957,3.1527,0.63777,0.42833,0.82713,2
0.052221,0.88615,0.58978,0.97656,1.8729,0.78554,0.29186,0.83898,0.67163,0.89708,0.30777,0.87164,2
2.1135,0.77256,0.44911,0.89496,0.32877,0.4154,0.72248,0.93102,3.3002,0.67019,0.43241,0.85135,1
1.6185,0.82989,0.60545,0.94419,0.89047,0.73709,0.4385,0.87819,1.9508,0.71474,0.42512,0.85935,2
2.0949,0.85307,0.28385,0.89129,0.76847,0.57566,0.54829,0.89161,3.8719,0.70963,0.24869,0.78258,1
0.99427,0.90874,0.4465,0.94336,0.13606,0.5982,0.62412,0.9399,1.5119,0.86021,0.37721,0.8668,1
1.2751,0.89593,0.60809,0.96326,0.24084,0.89585,0.82201,0.96478,1.0123,0.88783,0.58865,0.92869,2
3.0302,0.77234,0.50866,0.91989,0.054933,0.55904,0.95479,0.98973,1.7281,0.80648,0.49313,0.88771,2
1.1778,0.8748,0.30739,0.86775,2.8275,0.31134,0.32368,0.82102,2.0637,0.729,0.27133,0.79161,1
1.7618,0.7912,0.24764,0.88013,0.8606,0.6112,0.39688,0.86762,3.8626,0.69429,0.18856,0.76221,1
1.4335,0.82758,0.29957,0.86212,3.9668,0.43227,0.32158,0.80951,2.8438,0.64914,0.27725,0.79075,1
1.5479,0.75457,0.31032,0.90052,0.75743,0.66026,0.29551,0.87718,2.1749,0.76342,0.27148,0.83373,1
1.9032,0.82879,0.38846,0.90861,0.35827,0.5722,0.64048,0.92402,2.9477,0.73141,0.36091,0.82576,1
2.7618,0.79763,0.57145,0.94172,0.0017463,0.39913,0.99535,0.99913,1.3028,0.84055,0.55107,0.90112,1
1.687,0.74638,0.42857,0.88106,0.64274,0.51088,0.56286,0.89711,3.1101,0.57741,0.41963,0.83018,2
4.4159,0.62288,0.21864,0.85052,1.3127,0.6025,0.3925,0.84973,4.656,0.58844,0.16018,0.7137,2
0.56774,0.61176,0.43775,0.8922,3.5136,0.52576,0.42389,0.8271,2.3646,0.64741,0.38664,0.81094,1
0.50901,0.69054,0.3991,0.90488,1.8739,0.57572,0.3552,0.81855,2.2674,0.69379,0.33411,0.80145,1
2.7432,0.84625,0.38364,0.91543,0.84623,0.69714,0.44891,0.86407,3.0294,0.71053,0.23805,0.78344,2
1.4812,0.86604,0.32024,0.90021,2.303,0.52188,0.53559,0.8604,1.8664,0.74794,0.28273,0.81805,2
0.46477,0.51345,0.48304,0.89526,3.6948,0.53618,0.46629,0.8177,1.5887,0.55057,0.43887,0.83847,1
0.70365,0.91576,0.3722,0.90858,4.4574,0.38645,0.58646,0.852,2.0739,0.77785,0.30938,0.835,2
3.0184,0.74664,0.33091,0.86107,0.60772,0.49781,0.6245,0.90474,4.4427,0.54808,0.27038,0.76483,2
1.3936,0.83341,0.58516,0.93545,0.069761,0.37767,0.83048,0.96623,2.0022,0.81763,0.36663,0.87217,2
2.9039,0.46322,0.26362,0.81661,3.3706,0.56934,0.22568,0.7585,2.749,0.5352,0.23072,0.75596,1
0.21271,0.60006,0.68084,0.9462,1.5347,0.61061,0.66395,0.90084,0.81915,0.62581,0.66447,0.91394,2
0.35365,0.68036,0.63591,0.94007,0.57004,0.57427,0.64131,0.91702,1.64,0.70413,0.62774,0.89554,1
2.0893,0.81916,0.39274,0.90209,0.61918,0.53101,0.53598,0.8918,3.33,0.65911,0.32387,0.8031,2
0.8983,0.41535,0.41737,0.85462,2.3328,0.39267,0.40017,0.80694,3.0623,0.47952,0.3808,0.78841,1
1.9294,0.85387,0.34813,0.90718,0.58912,0.45079,0.72137,0.92387,2.7257,0.73344,0.30876,0.82703,2
0.6549,0.61019,0.41599,0.8859,4.1534,0.58316,0.36958,0.80453,2.0127,0.64472,0.37053,0.82643,1
1.2123,0.86435,0.4593,0.89317,1.8265,0.27059,0.68096,0.89648,2.3986,0.69205,0.43183,0.84361,1
1.4885,0.73497,0.59928,0.9228,2.2229,0.51549,0.60872,0.88056,2.0173,0.52378,0.56394,0.87213,2
1.4849,0.91787,0.38446,0.9263,0.28388,0.50441,0.71708,0.93851,2.7192,0.74709,0.3134,0.81935,1
4.638,0.65749,0.36508,0.86496,0.52813,0.52045,0.73491,0.93368,3.7151,0.61318,0.34537,0.80071,1
1.3427,0.83011,0.25535,0.85709,1.6989,0.4747,0.26087,0.84202,3.4184,0.57871,0.21208,0.78487,1
0.36146,0.73561,0.33727,0.91001,2.1139,0.60755,0.30931,0.81619,2.406,0.73934,0.30316,0.80042,1
0.41863,0.49103,0.59111,0.91818,1.1485,0.41248,0.54833,0.86208,3.159,0.43464,0.54457,0.84116,2
0.97155,0.92195,0.4945,0.96638,0.43116,0.80098,0.63589,0.93216,1.6653,0.85978,0.37199,0.89016,2
1.3534,0.85691,0.43304,0.92029,0.69782,0.63877,0.5371,0.89554,1.727,0.7393,0.36395,0.84407,2
0.024632,0.83054,0.83061,0.98768,1.1045,0.80556,0.57863,0.9106,2.8525,0.75155,0.43089,0.86374,2
2.289,0.83863,0.42033,0.89113,1.8508,0.29343,0.71861,0.9037,1.898,0.73681,0.41102,0.84051,1
0.84321,0.8868,0.4511,0.91262,1.5621,0.48594,0.47227,0.89206,1.7335,0.77059,0.46551,0.87082,1
0.68271,0.9712,0.43173,0.97861,0.0090686,0.53729,0.98239,0.99691,0.75556,0.95419,0.30745,0.87602,1
0.76095,0.93373,0.37096,0.94881,0.31112,0.69694,0.64019,0.93971,1.5756,0.87633,0.35093,0.915,2
2.0599,0.65035,0.48421,0.88961,0.38222,0.64536,0.50152,0.90273,2.6194,0.55601,0.49807,0.85945,1
2.9124,0.79539,0.54573,0.92275,0.60463,0.77061,0.62365,0.91217,2.3235,0.68982,0.43571,0.84809,2
1.441,0.88846,0.56902,0.95463,0.33018,0.72744,0.75375,0.94566,1.331,0.80904,0.50846,0.88791,2
0.75927,0.93857,0.45388,0.95391,0.24069,0.47212,0.80224,0.95314,2.0407,0.82552,0.39826,0.88152,2
0.35571,0.58145,0.65907,0.93325,0.23626,0.38222,0.68326,0.92977,2.723,0.55727,0.62778,0.8739,1
2.0469,0.88487,0.30105,0.92201,0.18364,0.59687,0.68111,0.94921,3.5759,0.80761,0.26194,0.80912,1
2.1814,0.78162,0.29322,0.87593,0.81135,0.49427,0.27979,0.86214,3.7882,0.63354,0.2353,0.77761,1
1.4297,0.79588,0.36707,0.85379,2.6003,0.30717,0.47775,0.82767,3.3267,0.55559,0.33861,0.77642,2
1.8694,0.4526,0.68166,0.90568,1.4694,0.28263,0.74633,0.91247,1.2965,0.43731,0.69983,0.90388,1
2.0977,0.59073,0.32781,0.87058,1.1181,0.60055,0.36817,0.84792,3.4569,0.6192,0.28542,0.77876,1
0.14706,0.7414,0.70184,0.96053,0.25487,0.61196,0.66637,0.94039,2.0838,0.73898,0.63078,0.90795,2
0.26446,0.82092,0.49566,0.94759,1.0713,0.67502,0.46672,0.88474,1.5403,0.79878,0.43587,0.8617,1
0.091299,0.81356,0.56934,0.96533,2.1159,0.68962,0.30464,0.80072,1.0354,0.78263,0.30575,0.81802,2
1.2435,0.82641,0.34855,0.91715,0.74522,0.66103,0.42495,0.88738,2.4419,0.78383,0.29555,0.82507,2
2.2407,0.70198,0.40811,0.88941,0.58145,0.57294,0.62441,0.91443,3.299,0.69541,0.39941,0.82838,1
0.91464,0.45366,0.33064,0.83335,5.8238,0.44694,0.28906,0.74552,4.0072,0.46104,0.28897,0.75594,1
1.5839,0.88732,0.58405,0.95939,0.22099,0.76005,0.65678,0.94647,1.175,0.82152,0.45431,0.8877,2
0.50769,0.67968,0.42423,0.91536,2.4308,0.59192,0.3973,0.83568,1.8703,0.7637,0.39608,0.83577,1
1.6402,0.74495,0.27058,0.89079,1.2431,0.60535,0.30967,0.84149,2.3668,0.77508,0.18105,0.78197,1
0.019792,0.32615,0.95168,0.99017,1.8043,0.34152,0.75394,0.93417,1.7561,0.81825,0.58264,0.90631,2
1.9178,0.88525,0.29656,0.90902,1.3984,0.59871,0.43686,0.85065,3.0787,0.71212,0.20126,0.76887,2
0.95483,0.66822,0.42738,0.90553,3.2861,0.60993,0.32186,0.79937,2.5395,0.64427,0.30269,0.80052,2
1.0524,0.40957,0.34133,0.82473,5.7529,0.37489,0.28903,0.73233,2.5681,0.45595,0.28796,0.75602,1
3.8745,0.7714,0.44129,0.90597,0.38713,0.60017,0.74339,0.94414,1.4961,0.75711,0.42615,0.86159,2
0.93165,0.64972,0.53111,0.93326,0.33536,0.70441,0.55195,0.92798,1.6252,0.78548,0.50542,0.88663,2
0.80971,0.94252,0.34542,0.93619,0.8993,0.58555,0.52305,0.88449,3.2178,0.7284,0.2091,0.7931,2
1.6526,0.84753,0.3476,0.8923,3.5772,0.45894,0.41198,0.80929,3.3849,0.65055,0.23922,0.77866,2
2.5924,0.72535,0.45489,0.89234,0.12938,0.57059,0.64992,0.94174,3.018,0.70452,0.42621,0.84193,1
2.1163,0.7389,0.41351,0.87711,2.351,0.43584,0.59295,0.86932,2.2129,0.6251,0.38693,0.8268,2
1.1848,0.90385,0.42167,0.93417,0.10849,0.58269,0.73446,0.9612,2.2726,0.80051,0.4034,0.87346,1
0.75218,0.38877,0.433,0.90055,3.5197,0.49593,0.40327,0.80665,2.2691,0.63292,0.41979,0.82327,1
0.41031,0.9719,0.35061,0.9698,0.20012,0.50581,0.51433,0.91042,1.0693,0.89075,0.26779,0.81749,1
1.2856,0.75369,0.46517,0.93179,1.2884,0.66654,0.26766,0.83485,2.3354,0.72739,0.26852,0.80886,2
2.5318,0.80914,0.36951,0.89443,0.4727,0.48988,0.67857,0.91895,3.2566,0.66944,0.31191,0.80189,2
0.56491,0.67195,0.47152,0.90888,1.069,0.55522,0.44995,0.86235,1.7976,0.6839,0.43571,0.83624,1
1.455,0.70138,0.39522,0.88786,2.1749,0.51224,0.39341,0.86554,2.4747,0.69085,0.38856,0.85119,1
0.091575,0.68379,0.76023,0.98031,0.67045,0.66245,0.38235,0.8958,3.4184,0.7472,0.26371,0.82214,2
0.20147,0.68339,0.50777,0.93366,0.91391,0.59932,0.44101,0.86944,2.63,0.69537,0.41932,0.83507,2
1.5852,0.83568,0.26379,0.8554,3.7518,0.31649,0.40965,0.81175,3.1795,0.71013,0.21908,0.75823,1
2.6595,0.78791,0.39238,0.90755,0.14072,0.68651,0.43217,0.93001,2.279,0.79096,0.24312,0.83991,1
0.62713,0.6473,0.46426,0.90876,1.5105,0.65289,0.43633,0.85431,2.542,0.69745,0.4326,0.84012,1
3.1889,0.43437,0.21199,0.83033,2.379,0.62122,0.33089,0.82612,5.1358,0.5819,0.17639,0.71297,1
0.97218,0.92997,0.60144,0.97687,0.0082874,0.78229,0.97132,0.99666,0.54805,0.93334,0.60482,0.97644,2
0.5795,0.65408,0.33678,0.88898,4.5311,0.57856,0.28621,0.77365,2.0519,0.68939,0.29109,0.8007,1
1.6551,0.85619,0.60967,0.95897,0.046232,0.63845,0.97351,0.99393,0.89456,0.88336,0.60988,0.93667,2
0.27673,0.55269,0.45852,0.91073,3.0262,0.4783,0.25973,0.75304,2.4229,0.62612,0.26231,0.77468,2
1.8468,0.88573,0.30464,0.91075,2.113,0.52538,0.50681,0.84953,2.8205,0.71488,0.2315,0.77003,2
0.22932,0.43835,0.71019,0.94476,0.59104,0.45998,0.57177,0.89736,2.2495,0.69234,0.52106,0.86578,2
5.1805,0.427,0.33057,0.84158,0.62554,0.58659,0.48881,0.88982,4.2418,0.55583,0.28809,0.74955,1
0.13707,0.57194,0.6123,0.93868,2.5935,0.44075,0.37182,0.80416,2.635,0.58912,0.3712,0.79629,2
2.3018,0.69945,0.47155,0.89693,0.43768,0.48498,0.63585,0.91512,2.4021,0.60831,0.46004,0.84244,1
2.5884,0.83512,0.62589,0.95238,0.77466,0.76939,0.59832,0.90079,0.96281,0.74292,0.5866,0.89352,2
0.012056,0.38526,0.96848,0.99397,0.10126,0.78278,0.59927,0.96906,0.71627,0.94831,0.33605,0.88738,2
1.7301,0.82942,0.37473,0.90953,3.0896,0.61879,0.50253,0.84699,2.1891,0.70276,0.31304,0.80907,2
1.3184,0.86778,0.23466,0.87327,3.6144,0.57383,0.4244,0.81401,2.2095,0.73081,0.21984,0.80106,1
1.4468,0.84996,0.43978,0.91285,0.35705,0.55972,0.66391,0.92805,2.0887,0.74271,0.42229,0.85447,1
0.18321,0.98535,0.46854,0.98563,0.11373,0.81181,0.41904,0.94611,0.54853,0.93927,0.26694,0.87001,1
0.57382,0.67605,0.41806,0.90964,2.4459,0.58583,0.36951,0.82364,2.5412,0.72066,0.3619,0.81152,1
2.8724,0.71603,0.24786,0.81722,2.9339,0.38486,0.28094,0.78166,3.4177,0.526,0.23348,0.73023,1
0.64634,0.59553,0.50164,0.90948,2.7122,0.6411,0.47844,0.85802,1.2778,0.67347,0.48712,0.87713,1
1.3543,0.64723,0.60112,0.89509,2.271,0.29056,0.68413,0.88749,1.6685,0.49043,0.60409,0.8748,1
0.26722,0.80062,0.34525,0.91928,1.9899,0.64178,0.31846,0.82711,2.1797,0.73908,0.29797,0.80981,1
0.34421,0.96564,0.30226,0.94142,0.39047,0.67713,0.26692,0.89481,1.7063,0.81447,0.17481,0.79536,1
0.15302,0.98631,0.52621,0.98788,0.057062,0.87941,0.61121,0.97573,0.22045,0.98149,0.45314,0.95688,1
1.2954,0.86811,0.40278,0.89709,3.6027,0.2149,0.43604,0.8715,1.8366,0.77959,0.37066,0.84926,1
0.76403,0.88861,0.41434,0.90221,1.625,0.5174,0.54346,0.87118,2.7784,0.71764,0.35672,0.83186,1
0.1714,0.98575,0.48686,0.98567,0.087377,0.80956,0.53187,0.95838,0.33028,0.96866,0.38362,0.92544,1
